case_id,split,liver_volume_ml,left_ratio,lesion_index,mode,nominal_diameter_mm,effective_diameter_mm,actual_to_nominal_ratio,surface_margin_mm,tnr_from_saved_activity,overlap_previous_vox
case_0001,train,1607.508131008,0.3500214868929953,0,ellipsoid,42.263346269764035,38.42455761227976,0.9091697890417492,0.0,3.6599585533904055,0
case_0001,train,1607.508131008,0.3500214868929953,1,ellipsoid,37.17456906047268,32.80152130473499,0.8823645339741812,0.0,3.2935557264762445,0
case_0002,val,1574.4357409039999,0.3495859156474524,0,spiculated,38.93363024516189,38.829832123933784,0.9973339726972671,0.0,5.476851603112696,0
case_0002,val,1574.4357409039999,0.3495859156474524,1,ellipsoid,34.08303352716349,43.23360217041027,1.2684787032220581,0.0,6.6759668511316255,0
case_0002,val,1574.4357409039999,0.3495859156474524,2,ellipsoid,11.198982937856904,24.20595448430478,2.16144221476392,0.0,5.551205199082902,0
case_0003,train,1231.36366288,0.3068723702664797,0,spiculated,15.798829873087438,16.451695018652085,1.0413236392067726,4.42,9.220846829274343,0
case_0003,train,1231.36366288,0.3068723702664797,1,ellipsoid,13.371830902859223,24.484208216193156,1.831028854168193,13.26,8.044723830020141,0
case_0003,train,1231.36366288,0.3068723702664797,2,spiculated,22.08056144462268,21.104788963567845,0.9558085294387989,0.0,17.47900990313933,0
case_0003,train,1231.36366288,0.3068723702664797,3,spiculated,18.57403968901736,17.589792186315965,0.9470095079379327,0.0,7.366092097490181,0
case_0004,train,1090.439013664,0.3500158378207159,0,spiculated,21.007660488765087,17.410291986178873,0.8287592040765277,0.0,12.552395571004931,0
case_0004,train,1090.439013664,0.3500158378207159,1,ellipsoid,39.0956217106627,36.54713175851157,0.9348139295235693,0.0,14.621764944368948,1
case_0004,train,1090.439013664,0.3500158378207159,2,ellipsoid,10.438358443544963,28.407149835670907,2.721419271939044,8.84,12.930552677165876,0
case_0004,train,1090.439013664,0.3500158378207159,3,ellipsoid,28.633072115764918,34.820583972357745,1.2160966811935656,0.0,10.51301740085364,0
case_0004,train,1090.439013664,0.3500158378207159,4,ellipsoid,14.454869278220269,18.909672798944936,1.308187049981621,0.0,12.045853823987011,0
case_0005,train,1215.302397712,0.3112121642745488,0,spiculated,19.687289980549835,19.21227880613988,0.9758721908968049,12.50164789137816,14.452333744313817,0
case_0005,train,1215.302397712,0.3112121642745488,1,ellipsoid,13.370761719237006,27.8513655721599,2.083005153856651,17.68,14.379811872045925,0
case_0006,train,1552.8480189040001,0.3126285936718011,0,ellipsoid,17.008107258379184,29.520990704873817,1.7357011133810942,0.0,3.8770483093455366,0
case_0006,train,1552.8480189040001,0.3126285936718011,1,spiculated,31.442268609223145,30.615344074450782,0.9737002267536828,0.0,2.8056353249288613,0
case_0007,test,1133.528106776,0.3492039308295879,0,ellipsoid,14.077980883412955,22.70782358044203,1.6130028708305026,0.0,5.78163095640067,0
case_0007,test,1133.528106776,0.3492039308295879,1,ellipsoid,13.81436518129207,25.454001297526165,1.8425748098795685,0.0,5.0793860925502194,0
case_0008,train,1177.912463208,0.31170735283337,0,ellipsoid,19.133940220109565,28.542746877714652,1.491733879659378,0.0,11.091886654839167,0
case_0008,train,1177.912463208,0.31170735283337,1,spiculated,16.556838434142733,16.451695018652085,0.9936495475323461,15.936536637550832,4.666604245427539,0
case_0009,train,1152.870705688,0.3506853419219534,0,ellipsoid,46.715567325702786,65.47506131953709,1.4015683650600317,0.0,5.753896541727157,0
case_0009,train,1152.870705688,0.3506853419219534,1,ellipsoid,22.279684599258616,29.07266326229341,1.3048956385702533,0.0,4.788575081680699,0
case_0009,train,1152.870705688,0.3506853419219534,2,ellipsoid,14.234436532211644,27.922054620459978,1.961584819832812,0.0,10.863900008011825,50
case_0009,train,1152.870705688,0.3506853419219534,3,ellipsoid,12.799822215785245,22.919071279454176,1.7905773137371763,8.84,4.836753410050464,0
case_0010,train,1546.889807632,0.35034051579770015,0,ellipsoid,16.07676987470183,24.39216145173375,1.5172302422588566,0.0,10.991194871897905,0
case_0010,train,1546.889807632,0.35034051579770015,1,ellipsoid,13.383806084441773,25.196872593506285,1.8826387975537697,13.26,10.11920602632127,0
case_0010,train,1546.889807632,0.35034051579770015,2,spiculated,11.17546022126316,10.490320136880253,0.9386924501704803,6.25082394568908,5.922489352975063,0
case_0011,val,1283.087844792,0.34793727707113536,0,ellipsoid,31.403385501947277,43.69914107955592,1.3915423570126286,0.0,6.267371930960863,0
case_0011,val,1283.087844792,0.34793727707113536,1,ellipsoid,34.862915507317,33.64806197168993,0.9651534153713536,0.0,11.30479341245332,0
case_0011,val,1283.087844792,0.34793727707113536,2,ellipsoid,26.31797764328087,39.119347619618416,1.4864116137588486,4.42,11.470881319315534,3
case_0012,train,1023.6034263519999,0.35034587481019064,0,ellipsoid,38.812209080313764,45.066488812493915,1.1611420705077165,0.0,12.065705953453776,0
case_0012,train,1023.6034263519999,0.35034587481019064,1,ellipsoid,19.92744125495555,34.775185506310926,1.745090353617931,4.42,2.636384219127723,0
case_0012,train,1023.6034263519999,0.35034587481019064,2,ellipsoid,10.543812085787128,20.599089210450867,1.9536661923459424,0.0,7.343437540230871,0
case_0013,train,1046.313709896,0.3492613683254931,0,ellipsoid,19.690113571811832,35.223947073318456,1.7889153835935565,4.42,5.972046997231855,0
case_0013,train,1046.313709896,0.3492613683254931,1,spiculated,48.92330240806571,40.16862002892216,0.8210529144962174,0.0,3.665064316398743,0
case_0013,train,1046.313709896,0.3492613683254931,2,ellipsoid,57.16448858545556,51.245151510524835,0.8964507997638802,0.0,2.531630844378423,0
case_0014,train,1276.438826416,0.23000947097821675,0,ellipsoid,19.68796057454685,22.600709612434834,1.147945696399538,0.0,31.926383227545752,0
case_0014,train,1276.438826416,0.23000947097821675,1,ellipsoid,59.85036381932946,61.7972676313526,1.0325295234277985,4.42,7.570667546660163,0
case_0014,train,1276.438826416,0.23000947097821675,2,ellipsoid,15.790030786808444,16.035016019402317,1.0155151839728231,0.0,20.442644230420328,0
case_0014,train,1276.438826416,0.23000947097821675,3,ellipsoid,15.967957538153517,14.100646845527967,0.8830588891432211,0.0,31.8924777108949,0
case_0015,test,1323.0683059360001,0.28677718313536094,0,ellipsoid,52.12728248736728,55.25623285367827,1.0600251963464482,0.0,24.503395301964936,0
case_0015,test,1323.0683059360001,0.28677718313536094,1,ellipsoid,22.18527448522924,31.691429667906934,1.428489410352205,0.0,24.66701088393225,0
case_0015,test,1323.0683059360001,0.28677718313536094,2,spiculated,18.264467674266566,17.589792186315965,0.963060763665115,12.50164789137816,16.122491278582107,0
case_0015,test,1323.0683059360001,0.28677718313536094,3,spiculated,27.967999071825222,25.706037503481504,0.9191232249924377,0.0,12.839597883485585,0
case_0016,test,1172.817760816,0.3495067000441761,0,spiculated,33.12886062886142,31.1909548174221,0.9415040006008827,0.0,6.021757072140825,0
case_0016,test,1172.817760816,0.3495067000441761,1,ellipsoid,58.73998147620019,52.729863720093,0.8976826753249433,0.0,21.330830363189026,0
case_0016,test,1172.817760816,0.3495067000441761,2,ellipsoid,17.105144154743797,31.020509038945004,1.8135192991251134,9.88342046054907,13.86528467869539,0
case_0017,test,1249.2382966960001,0.34955415773830095,0,ellipsoid,46.96094922928429,54.228994667220405,1.154767856212835,0.0,9.863739327600374,0
case_0018,val,1747.31021868,0.3497405485544848,0,ellipsoid,13.74394748677135,27.8513655721599,2.026445866368963,0.0,2.4238985195523877,0
case_0019,train,1291.3775300399998,0.292744901370779,0,ellipsoid,15.552505712585816,25.538566707117255,1.642086952358439,0.0,18.677307005087915,0
case_0020,train,932.330537736,0.3020283412058905,0,ellipsoid,13.648516202051622,26.115437979268307,1.9134268951040023,0.0,10.883632957622872,0
case_0021,train,1298.890057296,0.3510171519744715,0,ellipsoid,10.27645719634032,15.818300047653,1.5392756224670752,0.0,13.931890869661553,0
case_0021,train,1298.890057296,0.3510171519744715,1,spiculated,12.492035928555634,10.490320136880253,0.8397606440516519,16.53812564954082,16.863604735299102,0
case_0021,train,1298.890057296,0.3510171519744715,2,ellipsoid,23.49769851019624,30.497591587572792,1.2978969652853074,0.0,9.97550617474964,0
case_0021,train,1298.890057296,0.3510171519744715,3,spiculated,20.095980463575128,21.104788963567845,1.0501995163570759,4.42,12.00372591368342,0
case_0022,train,1196.0461496879998,0.349216663056819,0,ellipsoid,13.708294023345042,24.484208216193156,1.7860871801040215,9.88342046054907,8.086501727290052,0
case_0022,train,1196.0461496879998,0.349216663056819,1,ellipsoid,39.8267254151418,45.627872893442394,1.145659664906697,0.0,8.304335824703289,0
case_0022,train,1196.0461496879998,0.349216663056819,2,ellipsoid,14.76416310465583,31.020509038945004,2.101067891153464,13.977267257944238,2.5201992673966176,0
case_0023,test,1275.316264872,0.3470783397657255,0,ellipsoid,37.45417806378346,52.04888536814746,1.389668337655404,0.0,17.79713232272272,0
case_0023,test,1275.316264872,0.3470783397657255,1,ellipsoid,18.655057260241428,29.07266326229341,1.5584333436624982,0.0,19.034999880157816,1
case_0023,test,1275.316264872,0.3470783397657255,2,spiculated,13.937643766005166,13.524456299400741,0.9703545682798826,0.0,14.81589469788955,0
case_0023,test,1275.316264872,0.3470783397657255,3,ellipsoid,37.46079706789122,38.124353492253555,1.0177133557291842,0.0,22.298712427283565,0
case_0023,test,1275.316264872,0.3470783397657255,4,spiculated,12.828657757103425,12.196080725866874,0.950690318253577,0.0,7.203463146775105,0
case_0024,test,933.971204608,0.3501294378698225,0,ellipsoid,19.561107285543667,26.03458471264682,1.3309361444935828,0.0,6.528970342933175,0
case_0024,test,933.971204608,0.3501294378698225,1,ellipsoid,56.626967753055474,54.85725696680127,0.9687479154106974,0.0,2.833097913133923,0
case_0024,test,933.971204608,0.3501294378698225,2,ellipsoid,11.476784986851168,21.104788963567845,1.8389112445469162,0.0,6.7386514208891315,0
case_0024,test,933.971204608,0.3501294378698225,3,ellipsoid,31.041821441704666,37.62618929065272,1.212112805987021,4.42,2.70964753706096,0
case_0024,test,933.971204608,0.3501294378698225,4,spiculated,22.68432721907946,21.104788963567845,0.9303687413668108,0.0,7.689739805642616,0
case_0025,train,1408.987439496,0.35055463626892197,0,ellipsoid,37.806292856697155,48.435352995987515,1.2811452627629818,12.50164789137816,15.092380548932164,0
case_0025,train,1408.987439496,0.35055463626892197,1,ellipsoid,19.573257841587306,25.36887022251081,1.2960985047981928,0.0,7.4601082640491825,0
case_0025,train,1408.987439496,0.35055463626892197,2,ellipsoid,15.75098551715791,29.894713805386637,1.8979583069784198,0.0,12.513888773153129,0
case_0026,train,1211.0712042,0.24591800356506238,0,spiculated,39.99403417461245,35.661556379110785,0.8916718984489979,0.0,2.9910997943229782,0
case_0026,train,1211.0712042,0.24591800356506238,1,spiculated,16.605795143896845,16.451695018652085,0.9907200995851502,7.655664569454437,6.736465338484713,0
case_0026,train,1211.0712042,0.24591800356506238,2,spiculated,19.815139961058204,16.84827313895228,0.8502727294413982,0.0,9.68861549321518,0
case_0026,train,1211.0712042,0.24591800356506238,3,ellipsoid,36.61217421375129,36.21486671506087,0.9891482134775489,0.0,10.180991577536457,0
case_0027,train,1435.4971621119998,0.27857314725697785,0,ellipsoid,40.757871785518,58.6130898891533,1.438080236318413,0.0,11.935912869950123,0
case_0027,train,1435.4971621119998,0.27857314725697785,1,ellipsoid,16.066266327221133,23.727450071479502,1.4768490443406879,6.25082394568908,22.933937003623566,0
case_0027,train,1435.4971621119998,0.27857314725697785,2,ellipsoid,36.12562940249377,28.677067664973336,0.7938150321332185,0.0,24.526462985066185,0
case_0027,train,1435.4971621119998,0.27857314725697785,3,ellipsoid,11.341376721562856,17.938195107003427,1.5816594005645128,0.0,24.447695665175484,0
case_0028,train,1374.7924878479998,0.3504804974561899,0,ellipsoid,13.125244845249751,23.92115211219397,1.8225299713819387,0.0,14.411092827706936,0
case_0028,train,1374.7924878479998,0.3504804974561899,1,ellipsoid,26.841884709994623,36.00406527658566,1.3413389434304324,0.0,13.757365676378791,14
case_0028,train,1374.7924878479998,0.3504804974561899,2,ellipsoid,18.5478253981447,37.23381252900107,2.007448945078246,4.42,17.62204431280093,0
case_0028,train,1374.7924878479998,0.3504804974561899,3,ellipsoid,11.369345233523914,16.6523452207669,1.4646705574271253,0.0,4.459239513232797,0
case_0028,train,1374.7924878479998,0.3504804974561899,4,ellipsoid,33.57854993437606,43.08604606637303,1.2831419507565949,0.0,6.304604141027768,0
case_0029,train,1247.3385771599999,0.31886465905157496,0,spiculated,46.937596858590915,46.736151228529835,0.9957082244609161,0.0,16.204984799175005,0
case_0029,train,1247.3385771599999,0.31886465905157496,1,ellipsoid,46.19999066605506,45.03940557952131,0.9748791056058269,0.0,10.50124460296022,0
case_0029,train,1247.3385771599999,0.31886465905157496,2,spiculated,52.18527193621139,41.39159993451211,0.7931663168318273,0.0,13.66909859262304,0
case_0030,train,1475.1322197040001,0.35075806357197215,0,ellipsoid,11.399672011505533,24.20595448430478,2.1233904326259596,0.0,6.567926088182605,0
case_0031,train,1090.439013664,0.35112448527082674,0,ellipsoid,10.549802662860548,20.855004684959624,1.976814671460864,0.0,3.742957354620736,0
case_0031,train,1090.439013664,0.35112448527082674,1,ellipsoid,36.587450169351214,46.76130524373521,1.2780695300517686,0.0,9.666267836002708,0
case_0031,train,1090.439013664,0.35112448527082674,2,ellipsoid,13.978420901675163,28.407149835670907,2.032214513748589,4.42,6.600888989613743,0
case_0031,train,1090.439013664,0.35112448527082674,3,ellipsoid,27.27833030580468,29.95609942705346,1.098164700376803,0.0,7.633724828312166,0
case_0032,val,1236.9764705999999,0.27853403141361255,0,spiculated,13.226222968936842,14.633243370680612,1.1063811191636723,9.88342046054907,14.524936835828699,0
case_0032,val,1236.9764705999999,0.27853403141361255,1,ellipsoid,19.197619147438886,37.15433776754704,1.9353617488814348,0.0,15.955041121574755,0
case_0032,val,1236.9764705999999,0.27853403141361255,2,ellipsoid,19.371280339994176,36.87346270191021,1.903511902916444,0.0,15.814315973187632,0
case_0032,val,1236.9764705999999,0.27853403141361255,3,ellipsoid,28.566703179943225,40.439351839577,1.4156114405238613,0.0,18.2815532429669,0
case_0032,val,1236.9764705999999,0.27853403141361255,4,ellipsoid,32.54844486194708,32.123393255412424,0.9869409549876347,0.0,23.280774046784554,5
case_0033,train,1560.878651488,0.3239654790882939,0,spiculated,20.915015179770705,18.597058801410707,0.8891726179284843,0.0,7.004035994855821,0
case_0033,train,1560.878651488,0.3239654790882939,1,ellipsoid,11.405079342365473,19.21227880613988,1.6845370583941202,0.0,15.056798397045702,0
case_0033,train,1560.878651488,0.3239654790882939,2,ellipsoid,26.28656940725058,27.992387548872284,1.0648931442971477,0.0,15.352490268092208,0
case_0034,train,1325.745183464,0.31778805445189867,0,spiculated,46.731203492407225,35.356369172334716,0.7565901695230112,0.0,4.857289362979099,0
case_0034,train,1325.745183464,0.31778805445189867,1,ellipsoid,33.052351628012616,47.60091614051133,1.4401673041675036,0.0,7.282031980627234,0
case_0035,test,1233.8678386319998,0.34893974385891247,0,ellipsoid,17.661287241037424,28.475109783268046,1.6122896023741595,0.0,6.154106433012139,0
case_0035,test,1233.8678386319998,0.34893974385891247,1,spiculated,27.09316001233249,23.530532693046013,0.868504548097571,0.0,9.623186739817697,0
case_0035,test,1233.8678386319998,0.34893974385891247,2,spiculated,16.527766632289097,16.451695018652085,0.9953973446425365,13.977267257944238,9.171333442011417,0
case_0035,test,1233.8678386319998,0.34893974385891247,3,ellipsoid,44.393362753972816,59.80480159643691,1.3471563739803627,0.0,7.318327758971456,0
case_0036,test,1384.981892632,0.3302574973502089,0,spiculated,31.256936085345913,25.706037503481504,0.8224106621740568,0.0,2.9795278277854447,0
case_0036,test,1384.981892632,0.3302574973502089,1,ellipsoid,48.78170191085467,55.54281811760387,1.138599432613169,0.0,10.599993921206808,0
case_0037,test,1216.165906592,0.2910394774211872,0,ellipsoid,18.26559511827528,25.706037503481504,1.4073473838124135,0.0,4.906906071683755,0
case_0037,test,1216.165906592,0.2910394774211872,1,ellipsoid,17.3158974122277,17.589792186315965,1.0158175327312147,0.0,6.421535200182125,0
case_0037,test,1216.165906592,0.2910394774211872,2,spiculated,56.30296537082832,55.75583196879569,0.9902823341820624,0.0,5.379693300658835,0
case_0037,test,1216.165906592,0.2910394774211872,3,spiculated,55.619132492155856,42.3019405365839,0.7605645511020849,0.0,7.0648645920358275,0
case_0038,train,1110.558770568,0.34973952258766816,0,ellipsoid,24.80898360763387,34.45402428709168,1.3887721009453193,0.0,15.87971027726421,0
case_0038,train,1110.558770568,0.34973952258766816,1,ellipsoid,58.43853201570137,58.9946341709886,1.009516018560114,0.0,12.464339054162528,0
case_0039,train,1725.9815493439999,0.27656593956373826,0,ellipsoid,16.49334397579838,29.583935438527345,1.793689350197118,4.42,3.5745925354279873,0
case_0039,train,1725.9815493439999,0.27656593956373826,1,ellipsoid,19.3002062906137,35.876390214006854,1.8588604532923916,0.0,4.672974504495867,0
case_0039,train,1725.9815493439999,0.27656593956373826,2,spiculated,19.284817050875702,17.410291986178873,0.9027978818906292,0.0,2.702331179534271,0
case_0040,train,1313.915111808,0.34930336487907465,0,ellipsoid,15.835241480346003,28.81014181064749,1.8193686434403515,0.0,8.358373370748707,0
case_0040,train,1313.915111808,0.34930336487907465,1,ellipsoid,46.127613085962494,42.20957792713568,0.9150609603075442,0.0,11.736677786805705,0
case_0040,train,1313.915111808,0.34930336487907465,2,ellipsoid,10.37426297683685,24.484208216193156,2.360091340547305,0.0,8.488314981211197,0
case_0040,train,1313.915111808,0.34930336487907465,3,ellipsoid,11.824709602774405,14.885590260491965,1.2588546155078,0.0,3.29758752526301,0
case_0041,train,930.776221752,0.3233138510065869,0,ellipsoid,13.811334999188794,27.27246746893202,1.9746438320795103,4.42,6.989647332767252,0
case_0041,train,930.776221752,0.3233138510065869,1,ellipsoid,18.73354580019818,27.27246746893202,1.4558091543269673,0.0,4.731555032270409,0
case_0041,train,930.776221752,0.3233138510065869,2,ellipsoid,10.032979555484193,25.196872593506285,2.511404758094345,4.42,5.913068108632663,0
case_0041,train,930.776221752,0.3233138510065869,3,spiculated,31.519606760038933,31.1909548174221,0.9895730950858973,0.0,4.5960762159397435,0
case_0042,test,1166.773198656,0.2400088809946714,0,ellipsoid,12.326358688998015,23.727450071479502,1.9249358768585583,0.0,3.7041785113963157,0
case_0042,test,1166.773198656,0.2400088809946714,1,spiculated,39.87034827127131,36.71102243396133,0.9207600140381408,0.0,5.862423233995363,0
case_0042,test,1166.773198656,0.2400088809946714,2,spiculated,50.514671761599324,49.19660433393218,0.9739072356267565,0.0,7.156938192758827,0
case_0042,test,1166.773198656,0.2400088809946714,3,spiculated,15.362892457431407,14.371879380093942,0.9354930668112509,0.0,4.885157325312711,0
case_0042,test,1166.773198656,0.2400088809946714,4,spiculated,18.0469176922583,17.589792186315965,0.9746701617562964,12.50164789137816,3.91508028136067,0
case_0043,val,1636.0902749359998,0.349712355518024,0,ellipsoid,58.09850950485766,51.92684767447555,0.8937724584850824,0.0,5.076199768703577,0
case_0043,val,1636.0902749359998,0.349712355518024,1,ellipsoid,15.84272480675125,31.020509038945004,1.9580286483121807,4.42,12.12377521670659,0
case_0043,val,1636.0902749359998,0.349712355518024,2,ellipsoid,25.080802004655904,38.720142748260315,1.543815972913165,0.0,8.343820869137879,0
case_0044,val,1216.597661032,0.3509830364113848,0,ellipsoid,15.736773457099765,23.727450071479502,1.5077709630988354,0.0,2.967019664344347,0
case_0045,train,1220.656152768,0.3488256932654216,0,ellipsoid,19.967034780415432,30.732197665473638,1.539146798883586,0.0,3.1827464211549756,0
case_0046,train,1353.204765848,0.2921319634994576,0,ellipsoid,16.13810595212977,22.813936446721197,1.4136687734232163,0.0,9.929444418222914,0
case_0046,train,1353.204765848,0.2921319634994576,1,ellipsoid,37.66277042452084,53.85252300387576,1.4298609049963664,0.0,4.554163847852195,0
case_0046,train,1353.204765848,0.2921319634994576,2,ellipsoid,34.567646525219814,43.38015787485619,1.254935242502175,0.0,11.952162751792242,7
case_0046,train,1353.204765848,0.2921319634994576,3,ellipsoid,32.86857306719726,39.262512107349544,1.1945304722258665,0.0,2.0971112723735206,0
case_0046,train,1353.204765848,0.2921319634994576,4,spiculated,52.224815469070236,39.82498796541495,0.7625682849755784,0.0,6.650986847280565,17
case_0047,train,1298.4583028559998,0.27778147236815853,0,ellipsoid,24.574981980347644,29.894713805386637,1.2164694089824004,0.0,7.835604707281164,0
case_0047,train,1298.4583028559998,0.27778147236815853,1,ellipsoid,39.563892761565896,53.297105333443284,1.3471147961764378,0.0,2.891598903827233,0
case_0047,train,1298.4583028559998,0.27778147236815853,2,ellipsoid,18.52613061193131,34.775185506310926,1.8770884344254164,4.42,3.1475971129506197,0
case_0047,train,1298.4583028559998,0.27778147236815853,3,ellipsoid,10.86501089847477,28.407149835670907,2.614553275750391,0.0,8.330499626592722,0
case_0047,train,1298.4583028559998,0.27778147236815853,4,ellipsoid,34.72601681194094,42.36329224044709,1.2199294975253248,0.0,6.850893946789529,0
case_0048,train,1385.3272961839998,0.3471295892289472,0,ellipsoid,18.086177401164697,23.430825850030068,1.295510119707285,0.0,13.8681106877944,0
case_0048,train,1385.3272961839998,0.3471295892289472,1,ellipsoid,19.696657291798292,35.312338779121696,1.792808711446982,0.0,13.632305743878947,0
case_0048,train,1385.3272961839998,0.3471295892289472,2,spiculated,29.348650467544164,29.833075045345705,1.0165058552977504,7.655664569454437,15.827886900622655,0
case_0048,train,1385.3272961839998,0.3471295892289472,3,ellipsoid,22.12437983588553,30.79029269536048,1.3916906563599547,0.0,13.112927730051162,0
case_0048,train,1385.3272961839998,0.3471295892289472,4,ellipsoid,42.922379948170516,52.531405449058745,1.2238698206504692,0.0,8.75554954258789,0
case_0049,train,1346.814800136,0.31448355452971727,0,spiculated,23.913576979699773,23.727450071479502,0.9922166847570201,0.0,9.803868004602975,0
case_0050,test,1311.065532504,0.3494698017519594,0,ellipsoid,37.83611990810956,56.36800577480249,1.4897935071487318,0.0,5.211451000766727,0
case_0051,train,1558.7198792880001,0.34291728990083653,0,spiculated,43.86269666385721,37.034484232272675,0.8443275732927983,0.0,4.380958326496752,0
case_0051,train,1558.7198792880001,0.34291728990083653,1,ellipsoid,29.07498970138877,50.04498837146015,1.7212383868555505,0.0,7.140376812855704,0
case_0051,train,1558.7198792880001,0.34291728990083653,2,ellipsoid,36.4906036109456,46.63526337839645,1.278007452976412,0.0,2.731380951431219,32
case_0051,train,1558.7198792880001,0.34291728990083653,3,spiculated,19.09460506838284,17.589792186315965,0.9211917252712092,4.42,4.326312729328235,0
case_0052,train,1121.093578904,0.284217823307402,0,ellipsoid,32.546352868072454,46.58465534799918,1.4313325839251905,0.0,3.3070745839662488,0
case_0053,train,1609.753254096,0.35049887351142583,0,ellipsoid,11.8407325101879,25.196872593506285,2.12798258653564,8.84,4.566757116912072,0
case_0053,train,1609.753254096,0.35049887351142583,1,ellipsoid,58.867677099717525,36.913849878444985,0.6270648290727632,0.0,8.561743112756835,0
case_0054,train,1773.819941296,0.3489436276896115,0,spiculated,16.59467281600755,16.451695018652085,0.9913841147131539,13.977267257944238,11.871066864959854,0
case_0054,train,1773.819941296,0.3489436276896115,1,ellipsoid,19.334470291479477,35.223947073318456,1.8218211589091906,19.76684092109814,13.683699810163132,0
case_0054,train,1773.819941296,0.3489436276896115,2,ellipsoid,13.061783853883206,21.468736156966678,1.643629721416966,0.0,9.068378270611062,0
case_0055,train,1128.260702608,0.32159804071636305,0,ellipsoid,12.200247805481972,22.492570591452406,1.8436158797812088,0.0,8.946035425229917,0
case_0056,train,1455.87597168,0.350711743772242,0,spiculated,21.345669036301523,21.104788963567845,0.9887152718275531,4.42,3.1599170017457654,0
case_0057,train,1790.226610016,0.2678468068686089,0,ellipsoid,19.0390372918215,34.220904670081794,1.7974073029827977,0.0,4.748188806181042,0
case_0057,train,1790.226610016,0.2678468068686089,1,ellipsoid,19.24336289259629,31.020509038945004,1.6120108118357972,21.653489326203292,6.608227410679407,0
case_0058,val,1446.118321336,0.35062996357556575,0,ellipsoid,58.02860005669535,62.70513773469825,1.0805902205711289,6.25082394568908,5.737498705995965,0
case_0058,val,1446.118321336,0.35062996357556575,1,ellipsoid,31.57226022430827,44.351463237654414,1.4047604739906179,0.0,7.332962993023638,0
case_0059,train,1216.597661032,0.2957626517141032,0,ellipsoid,12.072535426327796,25.36887022251081,2.1013705345760556,0.0,18.333653828002788,0
case_0059,train,1216.597661032,0.2957626517141032,1,spiculated,13.431321814642223,14.371879380093942,1.0700271781461126,0.0,14.818777815445305,0
case_0059,train,1216.597661032,0.2957626517141032,2,ellipsoid,16.854677569794774,25.196872593506285,1.4949483601312872,0.0,22.2802594056709,0
case_0059,train,1216.597661032,0.2957626517141032,3,spiculated,51.568272364839025,51.26607644200934,0.9941398866207561,0.0,10.860497765715849,0
case_0060,train,904.1801482479999,0.2934772228058447,0,ellipsoid,32.183384398501076,37.62618929065272,1.169118475072657,0.0,9.803411088060617,0
case_0060,train,904.1801482479999,0.2934772228058447,1,ellipsoid,11.160333430885315,24.484208216193156,2.19385992074709,4.42,7.089621968916948,0
case_0060,train,904.1801482479999,0.2934772228058447,2,ellipsoid,26.530400624405925,42.24041035440831,1.5921512438658914,0.0,3.6063604044504634,0
case_0060,train,904.1801482479999,0.2934772228058447,3,ellipsoid,20.511565239685577,32.595863727176656,1.5891456037743281,0.0,3.364963889807419,0
case_0061,train,1460.107165192,0.35075995032231355,0,spiculated,51.030493222001255,38.90261548473929,0.762340573811402,0.0,6.112382317082385,0
case_0061,train,1460.107165192,0.35075995032231355,1,ellipsoid,14.410155928646855,26.744966504620407,1.855980368085567,0.0,4.23862494845469,0
case_0061,train,1460.107165192,0.35075995032231355,2,ellipsoid,23.762379621113034,34.91102745386926,1.469172196157096,0.0,3.171554205619295,0
case_0061,train,1460.107165192,0.35075995032231355,3,ellipsoid,14.450776729252082,25.706037503481504,1.7788689137688969,0.0,3.4767231709163853,0
case_0061,train,1460.107165192,0.35075995032231355,4,ellipsoid,24.65104683674514,39.119347619618416,1.5869243963021746,0.0,3.1289228950005445,0
case_0062,train,957.890400584,0.35067159469935993,0,ellipsoid,18.439473888729058,30.84816932159076,1.672941945509974,0.0,7.984354677932311,0
case_0062,train,957.890400584,0.35067159469935993,1,ellipsoid,26.191877362078046,32.80152130473499,1.2523547224692924,0.0,11.394530313520793,0
case_0062,train,957.890400584,0.35067159469935993,2,ellipsoid,46.31210444921831,40.100363958545124,0.8658722041559476,0.0,10.582630458160581,0
case_0063,train,1194.578184592,0.34906751481856296,0,ellipsoid,19.742474080789883,35.704730218340536,1.8085235959905597,0.0,6.183571362154286,0
case_0063,train,1194.578184592,0.34906751481856296,1,ellipsoid,32.609447912721265,37.93429872305726,1.1632916578222325,0.0,6.089629933899616,0
case_0063,train,1194.578184592,0.34906751481856296,2,ellipsoid,14.913862584061013,27.992387548872284,1.8769374728441421,0.0,3.8635623294228965,0
case_0063,train,1194.578184592,0.34906751481856296,3,ellipsoid,30.57436286126639,43.32165455656964,1.4169274680602537,0.0,5.428696088439024,0
case_0063,train,1194.578184592,0.34906751481856296,4,spiculated,42.34721780968726,35.876390214006854,0.8471959214708988,0.0,7.840043508337395,0
case_0064,val,948.8235573439999,0.35029122679286495,0,spiculated,14.411165173726097,12.894480389719813,0.8947562694811487,0.0,18.66420219407427,0
case_0064,val,948.8235573439999,0.35029122679286495,1,ellipsoid,52.682791788022804,59.15216398200368,1.1227985832643679,0.0,8.274692169966155,0
case_0064,val,948.8235573439999,0.35029122679286495,2,ellipsoid,24.302307394177724,15.595477408711051,0.6417282587927173,0.0,11.36036138617749,0
case_0065,train,1255.023806192,0.34030549057382686,0,ellipsoid,17.74797836694777,22.70782358044203,1.2794597283672053,0.0,7.3680152690900735,0
case_0065,train,1255.023806192,0.34030549057382686,1,ellipsoid,15.137949068462046,30.31923902048327,2.0028630617901517,0.0,10.410287902603761,0
case_0065,train,1255.023806192,0.34030549057382686,2,ellipsoid,18.119305771326836,34.775185506310926,1.9192338793322554,0.0,3.3446884480161496,0
case_0066,val,1491.27983576,0.3506658946149392,0,ellipsoid,32.34412846475202,44.0702162116475,1.3625414659008153,0.0,4.443408307022017,0
case_0066,val,1491.27983576,0.3506658946149392,1,ellipsoid,13.972785657632878,22.919071279454176,1.6402650009115565,0.0,6.63245387834226,0
case_0066,val,1491.27983576,0.3506658946149392,2,spiculated,19.96604696963618,21.104788963567845,1.057033923423271,9.88342046054907,6.259901071862142,0
case_0066,val,1491.27983576,0.3506658946149392,3,ellipsoid,11.259490598274448,24.016837739261685,2.1330305780389693,0.0,6.450067812670662,0
case_0067,train,1540.5861928079999,0.3381536909366067,0,ellipsoid,30.357115975894175,38.75677488245314,1.2766948913470215,0.0,7.439590925410595,0
case_0067,train,1540.5861928079999,0.3381536909366067,1,spiculated,37.18770448599703,33.40351799541348,0.8982409228295207,0.0,7.407928624307657,0
case_0067,train,1540.5861928079999,0.3381536909366067,2,ellipsoid,47.75861112548036,52.19054321974906,1.0927985967310545,0.0,3.5654418187187993,0
case_0067,train,1540.5861928079999,0.3381536909366067,3,ellipsoid,17.995520400928772,34.45402428709168,1.9145889376621452,0.0,3.1550575971412127,0
case_0067,train,1540.5861928079999,0.3381536909366067,4,ellipsoid,32.92510395761731,30.13876308389039,0.915373361392765,0.0,3.9231661769092576,0
case_0068,train,1644.9844164,0.31826771653543307,0,ellipsoid,10.150023864688292,24.6662536231421,2.430167056942147,0.0,8.577342003072019,0
case_0069,train,1529.27422648,0.2971202710333145,0,ellipsoid,36.02576356289425,45.68062192641852,1.2679987156044228,0.0,6.2936639392988125,0
case_0069,train,1529.27422648,0.2971202710333145,1,ellipsoid,29.622588872263204,43.32165455656964,1.4624533575839285,18.22412686523006,5.88782751998959,0
case_0069,train,1529.27422648,0.2971202710333145,2,ellipsoid,13.245632783107396,27.27246746893202,2.0589780734155276,0.0,5.905073026119522,0
case_0070,val,1327.299499448,0.3046646281959534,0,ellipsoid,39.61837308291626,43.40935045289601,1.0956873560165057,0.0,11.64251673834639,0
case_0071,train,1694.5498261120001,0.3495209947003669,0,spiculated,29.72602524889683,30.438372814134258,1.0239637677514206,9.88342046054907,12.029661851928083,0
case_0071,train,1694.5498261120001,0.3495209947003669,1,ellipsoid,27.548681106176723,41.836022248441395,1.5186216025079071,0.0,9.854167768649175,0
case_0071,train,1694.5498261120001,0.3495209947003669,2,ellipsoid,32.83135412757774,35.090521752681624,1.0688112837601853,0.0,20.52767517730613,0
case_0071,train,1694.5498261120001,0.3495209947003669,3,spiculated,11.74082377733114,10.490320136880253,0.8934909794945287,14.659481573370867,14.77642220606438,0
case_0072,val,1309.252163856,0.35041551246537395,0,ellipsoid,26.062747104712045,37.19411760282141,1.4270988953461798,0.0,4.653697680245406,0
case_0072,val,1309.252163856,0.35041551246537395,1,ellipsoid,26.025334187447204,31.470960410640753,1.2092432774915196,6.25082394568908,10.162668586816427,0
case_0072,val,1309.252163856,0.35041551246537395,2,ellipsoid,13.083992925515535,27.198357137654785,2.078750523061989,0.0,8.387827213608384,0
case_0073,train,1156.583793872,0.29871584291473796,0,ellipsoid,37.015916310313436,48.622093553297894,1.3135455879488989,0.0,3.6093805085053137,0
case_0074,train,1379.714488464,0.27431468268869696,0,ellipsoid,32.08388785412328,26.355042537340776,0.8214416736889865,0.0,3.977814215541684,0
case_0074,train,1379.714488464,0.27431468268869696,1,spiculated,17.818821780596334,17.589792186315965,0.9871467599204696,19.76684092109814,2.2104585867013333,0
case_0075,val,1708.02056464,0.32032355915065724,0,ellipsoid,11.897658993768692,19.062176746126777,1.6021787778680199,0.0,7.541597531313218,0
case_0075,val,1708.02056464,0.32032355915065724,1,ellipsoid,11.484949444105087,25.196872593506285,2.1939036576638267,15.936536637550832,2.4667833535491988,0
case_0075,val,1708.02056464,0.32032355915065724,2,spiculated,17.38118870333397,16.451695018652085,0.9465230082621684,20.25498457170481,7.336367294876079,0
case_0075,val,1708.02056464,0.32032355915065724,3,spiculated,32.81835949798719,32.22958706336826,0.9820596628343033,7.655664569454437,6.655271570166153,0
case_0076,train,1023.9488299039999,0.3508180131556755,0,ellipsoid,18.613177300754163,36.46463230918462,1.9590761813517545,0.0,7.102715687470193,0
case_0076,train,1023.9488299039999,0.3508180131556755,1,spiculated,44.38009623367478,36.21486671506087,0.8160159573421951,0.0,8.353685735110274,0
case_0076,train,1023.9488299039999,0.3508180131556755,2,ellipsoid,18.083785869693386,29.330527397950586,1.6219240600003793,0.0,17.241024202641242,2
case_0076,train,1023.9488299039999,0.3508180131556755,3,spiculated,20.09908526726781,19.50564128645204,0.9704740801422332,0.0,11.685992407285564,0
case_0077,val,1116.689683616,0.2570368079183421,0,ellipsoid,58.114705514947104,76.23925036689995,1.3118753625498665,0.0,3.6384247635699016,0
case_0077,val,1116.689683616,0.2570368079183421,1,ellipsoid,39.64868783150935,35.74779989847726,0.901613694011533,0.0,2.0658178220603425,0
case_0077,val,1116.689683616,0.2570368079183421,2,spiculated,25.41866652690762,19.50564128645204,0.7673746876455463,0.0,4.974298863591693,0
case_0077,val,1116.689683616,0.2570368079183421,3,spiculated,28.598151696737773,23.1264949638554,0.8086709661902195,0.0,4.6960452906463,0
case_0077,val,1116.689683616,0.2570368079183421,4,spiculated,27.045763854222336,22.383381636023167,0.8276113685185753,0.0,1.9555397708130742,0
case_0078,train,1068.16048456,0.3503637833468068,0,ellipsoid,24.488782366418718,25.109986135992994,1.0253668704421224,0.0,8.039937952946122,0
case_0078,train,1068.16048456,0.3503637833468068,1,ellipsoid,32.463529095926496,33.69654627790456,1.0379816124838006,0.0,11.16765624491382,0
case_0078,train,1068.16048456,0.3503637833468068,2,spiculated,50.865784189797594,44.351463237654414,0.8719311801458516,0.0,7.356200628054714,0
case_0079,train,1579.0123379679999,0.2704254621021547,0,ellipsoid,17.275971986292117,24.484208216193156,1.417240560219739,0.0,3.898775254006438,0
case_0079,train,1579.0123379679999,0.2704254621021547,1,ellipsoid,16.39092684943083,24.016837739261685,1.465251962862348,0.0,3.7395349534914817,0
case_0079,train,1579.0123379679999,0.2704254621021547,2,ellipsoid,12.797461888340402,26.590367868788128,2.0777844935810483,0.0,5.128214816136922,0
case_0079,train,1579.0123379679999,0.2704254621021547,3,ellipsoid,19.42408635551027,30.378922715894102,1.5639820663830677,0.0,3.4526188061741347,0
case_0080,train,1618.3019920079998,0.349180940184622,0,ellipsoid,16.399538599348332,25.196872593506285,1.5364378967654329,0.0,3.859052002521562,0
case_0080,train,1618.3019920079998,0.349180940184622,1,ellipsoid,11.755979696805603,28.1320027639559,2.39299518113323,0.0,2.045306539733928,0
case_0080,train,1618.3019920079998,0.349180940184622,2,ellipsoid,19.215652670771338,35.48780669766615,1.8468176598365644,0.0,3.9220646556404017,0
case_0081,train,1227.564223808,0.3493950478334271,0,spiculated,21.426773799652196,21.104788963567845,0.9849727803590489,4.42,4.171427929068602,0
case_0082,train,1062.720378616,0.23060047127650932,0,ellipsoid,15.075356360686609,15.818300047653,1.0492819983283337,0.0,2.1072537887498775,0
case_0082,train,1062.720378616,0.23060047127650932,1,ellipsoid,22.092675334309735,23.727450071479502,1.0739962323454315,0.0,6.7284097531677505,0
case_0082,train,1062.720378616,0.23060047127650932,2,ellipsoid,17.57097687645035,21.22749398214435,1.2080998188891068,0.0,7.201297695793556,0
case_0082,train,1062.720378616,0.23060047127650932,3,ellipsoid,17.314912349625057,29.583935438527345,1.7085812992387435,0.0,6.557379888410473,0
case_0082,train,1062.720378616,0.23060047127650932,4,ellipsoid,36.7109847300252,32.070032038804634,0.8735813619451939,0.0,3.785359919392204,0
case_0083,train,1139.572668936,0.3373493975903614,0,ellipsoid,17.39609090936205,28.941997843616633,1.6637069784477225,0.0,13.115718369948112,0
case_0083,train,1139.572668936,0.3373493975903614,1,spiculated,11.673605189407642,10.490320136880253,0.8986358512791683,6.25082394568908,9.40330835709989,0
case_0083,train,1139.572668936,0.3373493975903614,2,ellipsoid,23.965726211897646,32.439900270631284,1.35359554656544,9.88342046054907,16.712282904190815,0
case_0084,train,1491.970642864,0.3495196203264267,0,ellipsoid,21.603552553394408,32.69901588225649,1.5135943869157173,0.0,8.892599996971311,0
case_0084,train,1491.970642864,0.3495196203264267,1,ellipsoid,19.398398833487548,28.475109783268046,1.4679103171191288,0.0,6.559645415125118,0
case_0084,train,1491.970642864,0.3495196203264267,2,spiculated,23.006522065627465,23.62940163867253,1.0270740432329695,0.0,14.692470756404868,0
case_0085,train,1297.508443088,0.351124717156928,0,spiculated,17.806659647140368,17.589792186315965,0.9878209914087266,0.0,4.902985529480673,0
case_0085,train,1297.508443088,0.351124717156928,1,ellipsoid,10.640436065183238,18.10743335753044,1.7017566993123616,0.0,13.035687208441484,0
case_0086,train,1375.655996728,0.3509509760843638,0,ellipsoid,12.208962696050927,18.10743335753044,1.4831262743875377,0.0,13.790754130895321,0
case_0086,train,1375.655996728,0.3509509760843638,1,ellipsoid,12.52111551953594,23.430825850030068,1.8713049818502487,0.0,10.562249700873814,0
case_0086,train,1375.655996728,0.3509509760843638,2,ellipsoid,11.814593488008159,22.492570591452406,1.9037955571033756,0.0,9.43374074615602,0
case_0086,train,1375.655996728,0.3509509760843638,3,ellipsoid,38.43467998549063,48.78432290346749,1.2692787587117655,0.0,13.181154538383685,6
case_0087,train,1473.059798392,0.28137639955448734,0,ellipsoid,14.13250375301187,28.1320027639559,1.9905887347074298,0.0,11.926080201669102,0
case_0087,train,1473.059798392,0.28137639955448734,1,ellipsoid,44.542023116380705,46.76130524373521,1.0498244572671496,0.0,23.530128399740708,0
case_0087,train,1473.059798392,0.28137639955448734,2,spiculated,33.78699908127787,34.59239534741099,1.0238374607995124,0.0,12.016293114281849,0
case_0087,train,1473.059798392,0.28137639955448734,3,ellipsoid,22.307959464982474,29.95609942705346,1.34284354757218,0.0,20.85680723647807,0
case_0087,train,1473.059798392,0.28137639955448734,4,ellipsoid,19.58533952902618,34.3611558466806,1.7544324823042323,0.0,26.541874789313464,0
case_0088,train,1466.583481792,0.3499764484220443,0,ellipsoid,15.330843178950925,20.855004684959624,1.3603299206395452,0.0,2.7142815988784688,0
case_0089,train,1348.023712568,0.34386009864838896,0,spiculated,14.364881270757781,14.100646845527967,0.9816055266834882,0.0,11.324748656337398,0
case_0089,train,1348.023712568,0.34386009864838896,1,ellipsoid,28.736477543441236,33.10525637570664,1.1520290308950034,0.0,13.245209154184307,0
case_0089,train,1348.023712568,0.34386009864838896,2,ellipsoid,27.76979358935047,44.0702162116475,1.5869839316540015,0.0,10.073029915570531,0
case_0089,train,1348.023712568,0.34386009864838896,3,spiculated,10.978579963534102,10.490320136880253,0.9555261401496707,0.0,10.694712271831124,0
case_0089,train,1348.023712568,0.34386009864838896,4,ellipsoid,28.925747087917472,31.1909548174221,1.0783111227039257,0.0,20.817567448924063,0
case_0090,train,1459.76176164,0.27755102040816326,0,ellipsoid,42.08208498659194,44.379392378056835,1.0545911019427117,0.0,19.528968698684086,0
case_0090,train,1459.76176164,0.27755102040816326,1,ellipsoid,21.040762830005473,26.03458471264682,1.237340343740762,0.0,13.242101405051013,0
case_0090,train,1459.76176164,0.27755102040816326,2,ellipsoid,17.05188028678224,27.8513655721599,1.6333310522798403,0.0,18.54784106118051,0
case_0090,train,1459.76176164,0.27755102040816326,3,ellipsoid,25.485708661112486,25.706037503481504,1.00864519191123,0.0,11.593200689575509,0
case_0090,train,1459.76176164,0.27755102040816326,4,ellipsoid,17.010531367920343,17.03974717999831,1.0017175131949767,0.0,17.73736033555434,0
case_0091,train,1133.0963523359999,0.3490321597317482,0,ellipsoid,55.72556354551938,57.867584006260834,1.0384387402200383,0.0,17.443819082266423,0
case_0091,train,1133.0963523359999,0.3490321597317482,1,spiculated,51.184026206492376,36.13084120035953,0.7059007248588927,0.0,18.617519295843383,0
case_0091,train,1133.0963523359999,0.3490321597317482,2,ellipsoid,28.295748815335738,30.259319419605394,1.0693945446393502,0.0,25.758265603969342,6
case_0092,train,1314.519568024,0.34993102542205873,0,spiculated,35.21817767261166,33.88910215075065,0.9622616611734969,0.0,14.54366913665678,0
case_0092,train,1314.519568024,0.34993102542205873,1,spiculated,19.516448729522917,17.589792186315965,0.9012803727815265,0.0,16.788458257962162,0
case_0092,train,1314.519568024,0.34993102542205873,2,spiculated,10.710798535719068,10.490320136880253,0.979415316411419,4.42,16.61147873377239,0
case_0092,train,1314.519568024,0.34993102542205873,3,ellipsoid,23.12838646243007,34.775185506310926,1.5035716202165685,4.42,14.46033313442804,0
case_0093,train,1416.759019416,0.27415127689400864,0,ellipsoid,11.605480230138532,28.407149835670907,2.447735834481002,4.42,10.245521386557199,0
case_0093,train,1416.759019416,0.27415127689400864,1,ellipsoid,53.382210175021285,50.673596583402556,0.9492599953666558,0.0,4.351119561608142,0
case_0093,train,1416.759019416,0.27415127689400864,2,ellipsoid,22.63671727630525,29.583935438527345,1.306900425420519,0.0,4.416660871222578,0
case_0094,train,1643.516451304,0.35112698996479796,0,spiculated,18.926240748625897,16.24602727046464,0.8583863793259711,0.0,7.740756655814775,0
case_0094,train,1643.516451304,0.35112698996479796,1,ellipsoid,33.551098584161416,41.10078283673436,1.2250204783499086,0.0,10.409867558682143,0
case_0095,train,1461.834182952,0.33232913934668323,0,spiculated,16.918306781477746,16.451695018652085,0.9724197126312599,9.88342046054907,10.98934066030454,0
case_0095,train,1461.834182952,0.33232913934668323,1,ellipsoid,10.016281064919408,24.6662536231421,2.462615961280492,0.0,21.47387902603326,0
case_0095,train,1461.834182952,0.33232913934668323,2,ellipsoid,17.296336080520916,30.13876308389039,1.7424940717839414,0.0,19.049123745702055,0
case_0095,train,1461.834182952,0.33232913934668323,3,ellipsoid,13.871141572865653,24.484208216193156,1.7651184718702961,0.0,11.511044181110098,0
case_0096,train,1592.8284800479998,0.30613683183345985,0,spiculated,59.60286558343603,50.08884903227284,0.8403765245507393,0.0,8.177084537945476,0
case_0096,train,1592.8284800479998,0.30613683183345985,1,ellipsoid,20.258976638833794,37.23381252900107,1.8378920708970437,0.0,3.5680475138483345,0
case_0096,train,1592.8284800479998,0.30613683183345985,2,ellipsoid,51.80993883049528,56.5060786002056,1.0906416775567813,0.0,5.867290538979639,0
case_0096,train,1592.8284800479998,0.30613683183345985,3,ellipsoid,11.85026865599196,25.109986135992994,2.118938132537308,0.0,5.066510372067674,0
case_0097,train,1604.39949904,0.34930032292787944,0,spiculated,36.004260031697044,33.10525637570664,0.9194816487427262,0.0,9.915682083407603,0
case_0097,train,1604.39949904,0.34930032292787944,1,spiculated,39.4303166659641,35.57489368907025,0.9022218611746069,0.0,8.572790517976339,0
case_0097,train,1604.39949904,0.34930032292787944,2,spiculated,35.43704277307232,33.05502070463765,0.9327815787652375,0.0,3.0863458926719147,0
case_0097,train,1604.39949904,0.34930032292787944,3,ellipsoid,28.201102852833472,44.87621789665507,1.5912930118669522,0.0,8.370392170310597,0
case_0097,train,1604.39949904,0.34930032292787944,4,ellipsoid,33.59382546413863,39.44001231471225,1.1740256362531387,0.0,8.167465024577133,0
case_0098,test,960.394576336,0.26497032907750406,0,ellipsoid,15.63816303967077,21.34879658088418,1.3651729123636018,0.0,6.46630896090795,0
case_0098,test,960.394576336,0.26497032907750406,1,ellipsoid,19.691547499981596,32.17657777844143,1.6340299196125394,0.0,2.3747788793460627,0
case_0099,train,1079.558801776,0.3506638937769957,0,ellipsoid,30.93967783975001,27.992387548872284,0.9047407569612386,0.0,8.38684823965439,0
case_0099,train,1079.558801776,0.3506638937769957,1,spiculated,10.086247282982098,10.490320136880253,1.0400617635639295,4.42,14.8033770258369,0
case_0099,train,1079.558801776,0.3506638937769957,2,ellipsoid,12.573608676986902,24.484208216193156,1.9472697811095288,9.88342046054907,10.0509566427326,0
case_0099,train,1079.558801776,0.3506638937769957,3,spiculated,52.991295011561135,42.05473582403368,0.7936159290853069,0.0,2.8924792416988394,0
case_0099,train,1079.558801776,0.3506638937769957,4,ellipsoid,56.25607193329539,45.308786419746276,0.8054025967804923,0.0,4.21262070153631,0
case_0100,val,1899.6331851119999,0.28801309150415927,0,ellipsoid,10.436598036552931,17.410291986178873,1.6681960850845665,0.0,6.051157563711178,0
case_0101,train,1244.31629608,0.32574600971547535,0,ellipsoid,45.42559639445894,45.627872893442394,1.0044529189496372,0.0,21.165738400191753,0
case_0101,train,1244.31629608,0.32574600971547535,1,spiculated,15.274338940499936,14.633243370680612,0.9580279334957366,0.0,15.475391906835474,0
case_0101,train,1244.31629608,0.32574600971547535,2,spiculated,37.63579269553842,31.415357891276013,0.8347202394650288,0.0,21.63143295412692,0
case_0102,train,1023.085321024,0.35018568534773803,0,ellipsoid,20.295179724164335,27.12384071730409,1.3364671358396127,0.0,11.86490696759966,0
case_0102,train,1023.085321024,0.35018568534773803,1,ellipsoid,32.829042672564896,48.057489897634824,1.4638711940813396,0.0,12.209075629754274,0
case_0103,test,1579.0986888559999,0.24957620167331984,0,ellipsoid,23.65517885226014,39.404640087381736,1.6657933695401679,0.0,4.319758481582816,0
case_0103,test,1579.0986888559999,0.24957620167331984,1,ellipsoid,26.793718551492027,39.96315034861452,1.491511910592535,13.26,5.58954597473127,0
case_0103,test,1579.0986888559999,0.24957620167331984,2,ellipsoid,30.449044484496937,45.38897912940809,1.4906536444031204,12.50164789137816,5.8559185887306695,0
case_0104,train,1682.6334035680002,0.30673303910499844,0,ellipsoid,33.749852763435406,34.3611558466806,1.0181127629661093,0.0,15.223219930267982,0
case_0105,train,1650.769925896,0.31312444421195795,0,ellipsoid,29.301791323864727,41.64671639048383,1.421302743240985,0.0,2.6310659494764734,0
case_0105,train,1650.769925896,0.31312444421195795,1,ellipsoid,25.696484847323312,38.938905259032666,1.5153397630216632,0.0,2.4904789979341513,0
case_0106,val,1260.7229648,0.28705479452054794,0,ellipsoid,16.847329717260042,17.03974717999831,1.011421243957797,0.0,13.664512479306449,0
case_0106,val,1260.7229648,0.28705479452054794,1,spiculated,10.516530114726264,10.490320136880253,0.9975077351978189,14.659481573370867,11.796898085065752,0
case_0107,train,1321.7730426159999,0.34925197622003007,0,ellipsoid,19.755572798578243,35.17958437263193,1.7807423116156729,0.0,9.388208401287722,0
case_0107,train,1321.7730426159999,0.34925197622003007,1,ellipsoid,25.71537773328499,39.04737073647361,1.5184443775808203,0.0,6.003106952845962,0
case_0107,train,1321.7730426159999,0.34925197622003007,2,ellipsoid,15.295591132026983,27.27246746893202,1.7830280133356216,4.42,19.00014142624337,0
case_0107,train,1321.7730426159999,0.34925197622003007,3,ellipsoid,13.674425977268891,28.407149835670907,2.0773924903972087,6.25082394568908,10.574123864422324,4
case_0107,train,1321.7730426159999,0.34925197622003007,4,ellipsoid,21.87933141615266,33.64806197168993,1.5378926042890355,0.0,16.917382581058966,0
case_0108,train,1045.536551904,0.28121902874132804,0,ellipsoid,59.94957077520082,51.68103643063752,0.8620751702198388,0.0,10.780561365375776,0
case_0108,train,1045.536551904,0.28121902874132804,1,ellipsoid,24.75326972647996,26.355042537340776,1.0647095445797736,0.0,6.630909484926707,0
case_0109,train,1300.703425944,0.251078802363407,0,spiculated,13.56271896166665,14.633243370680612,1.0789314010000255,7.655664569454437,8.620025661723016,0
case_0110,test,1121.611684232,0.3512972515205174,0,spiculated,32.30965291049459,27.992387548872284,0.8663784667206993,0.0,2.2874010266701394,0
case_0110,test,1121.611684232,0.3512972515205174,1,ellipsoid,34.32289574052017,44.546233768078686,1.2978576780014885,0.0,7.753916825396064,0
case_0111,test,1268.3218429439999,0.34967320261437906,0,ellipsoid,11.425914994321376,28.407149835670907,2.4862034987822965,0.0,4.161630895205374,0
case_0111,test,1268.3218429439999,0.34967320261437906,1,ellipsoid,29.537596771137856,37.62618929065272,1.2738405762048484,0.0,5.688104467177321,0
case_0111,test,1268.3218429439999,0.34967320261437906,2,spiculated,19.13050803833231,17.589792186315965,0.919462888861646,0.0,7.905675290766916,0
case_0111,test,1268.3218429439999,0.34967320261437906,3,ellipsoid,12.113675241803795,21.22749398214435,1.7523578565891498,0.0,4.210252281796086,0
case_0112,train,1039.1465861919999,0.3429449891972744,0,spiculated,25.972573241757683,23.727450071479502,0.9135579232223106,0.0,10.108760943385843,0
case_0113,train,1446.463724888,0.3513223091158737,0,ellipsoid,59.62685873658185,63.437546903354004,1.0639089203676975,0.0,7.2222521870945675,0
case_0113,train,1446.463724888,0.3513223091158737,1,ellipsoid,12.44483944186652,24.20595448430478,1.9450596046158621,0.0,5.343874022077076,0
case_0114,test,1439.9874082879999,0.3501439194051331,0,ellipsoid,33.80959462960139,37.074521543702325,1.0965680585605835,0.0,9.772410107667852,0
case_0114,test,1439.9874082879999,0.3501439194051331,1,spiculated,17.30320593263299,16.451695018652085,0.9507888354738356,0.0,5.008657015104279,0
case_0114,test,1439.9874082879999,0.3501439194051331,2,ellipsoid,20.766809209366823,27.12384071730409,1.306114985881892,0.0,8.840520989159737,0
case_0115,train,1238.444435696,0.34953284060800444,0,ellipsoid,27.49195725100423,37.19411760282141,1.3529090440246039,0.0,19.510040188849533,0
case_0115,train,1238.444435696,0.34953284060800444,1,ellipsoid,28.479781031923867,46.40665547492005,1.6294597006522415,0.0,19.147272016808646,4
case_0115,train,1238.444435696,0.34953284060800444,2,ellipsoid,10.568974235322965,27.8513655721599,2.6352004415978993,0.0,7.149619395659095,0
case_0116,train,1296.213179768,0.2902538138698288,0,ellipsoid,17.991523536021933,33.10525637570664,1.8400474150743584,0.0,10.006241487724154,0
case_0116,train,1296.213179768,0.2902538138698288,1,ellipsoid,17.019167710832686,25.196872593506285,1.480499694322214,6.25082394568908,19.006773385350577,0
case_0116,train,1296.213179768,0.2902538138698288,2,ellipsoid,12.605338685698236,15.818300047653,1.2548889357173818,0.0,23.803057757260294,0
case_0116,train,1296.213179768,0.2902538138698288,3,ellipsoid,54.965264562404286,68.06419167315266,1.2383128183778072,0.0,8.096976885370683,48
case_0117,val,1324.881674584,0.34999674118490515,0,ellipsoid,50.55854306800204,46.83660538224782,0.9263836048291947,0.0,2.5255509436421995,0
case_0117,val,1324.881674584,0.34999674118490515,1,spiculated,50.68936806832308,40.80579097496052,0.8050167624887196,0.0,5.054532681116015,0
case_0117,val,1324.881674584,0.34999674118490515,2,ellipsoid,12.826759448905669,28.407149835670907,2.2146786137861576,4.42,7.177005738221456,0
case_0118,val,1391.8036127839998,0.30605534185382804,0,ellipsoid,17.67791422542331,31.020509038945004,1.754760694241472,4.42,3.273817967537772,0
case_0119,train,1538.513771496,0.3507324465398215,0,ellipsoid,10.682736975514624,25.196872593506285,2.3586532787673042,0.0,19.67186969692609,0
case_0120,train,1220.397100104,0.2964692563503856,0,spiculated,26.559348657686566,23.92115211219397,0.9006678748227105,0.0,7.306930261429705,0
case_0120,train,1220.397100104,0.2964692563503856,1,ellipsoid,30.812500478215675,37.62618929065272,1.2211339134016175,4.42,18.892459200715994,0
case_0120,train,1220.397100104,0.2964692563503856,2,ellipsoid,37.63734957426574,35.17958437263193,0.9346987705182542,0.0,9.581056828573981,0
case_0120,train,1220.397100104,0.2964692563503856,3,spiculated,23.94030894587908,23.62940163867253,0.9870132291145696,0.0,14.55266711753445,0
case_0120,train,1220.397100104,0.2964692563503856,4,spiculated,11.250541218918569,10.490320136880253,0.932428043482926,0.0,17.71810999682721,0
case_0121,train,1202.8678698400001,0.31349605168700645,0,ellipsoid,23.40380760089775,23.530532693046013,1.0054147211560311,0.0,10.169571748087808,0
case_0121,train,1202.8678698400001,0.31349605168700645,1,ellipsoid,21.7458756165786,34.775185506310926,1.5991623478154657,4.42,4.42964734351565,0
case_0122,train,1260.7229648,0.34904109589041094,0,spiculated,17.562051476201944,16.451695018652085,0.9367752418301196,0.0,6.093150894139769,0
case_0122,train,1260.7229648,0.34904109589041094,1,ellipsoid,18.040366275897895,26.973567048071573,1.4951784589932922,0.0,10.574681724249091,0
case_0122,train,1260.7229648,0.34904109589041094,2,ellipsoid,44.60727953510314,35.090521752681624,0.7866546025311313,0.0,15.591742275125641,0
case_0122,train,1260.7229648,0.34904109589041094,3,spiculated,28.39275871484142,26.744966504620407,0.9419643498974377,0.0,8.193856818260844,0
case_0122,train,1260.7229648,0.34904109589041094,4,ellipsoid,11.875629836576259,18.43673135095511,1.552484508583371,0.0,7.922729593928605,0
case_0123,val,1377.469365376,0.24586258776328987,0,ellipsoid,10.558453445150668,17.03974717999831,1.6138487770502412,0.0,27.905900861479086,0
case_0123,val,1377.469365376,0.24586258776328987,1,ellipsoid,19.78201738779186,35.919049457776445,1.815742487414013,9.88342046054907,14.930023655886774,0
case_0123,val,1377.469365376,0.24586258776328987,2,ellipsoid,11.20074753476173,28.407149835670907,2.536183388430887,0.0,26.139598482435186,2
case_0124,train,1246.388717392,0.28107246778439793,0,ellipsoid,46.5962423613724,47.84230422438794,1.0267416813002181,0.0,8.268849795618666,0
case_0125,train,1337.747956896,0.2849212496772528,0,ellipsoid,28.027623912744318,46.432167660089156,1.6566572965529265,0.0,5.809851375299504,0
case_0125,train,1337.747956896,0.2849212496772528,1,ellipsoid,17.345641515205195,29.583935438527345,1.7055544133432055,4.42,4.721601314665696,0
case_0125,train,1337.747956896,0.2849212496772528,2,ellipsoid,45.25142990352681,49.082775596962755,1.0846679475456162,0.0,8.057306852376627,0
case_0126,val,1263.140789664,0.22648345638501505,0,ellipsoid,35.46864167066621,43.08604606637303,1.2147644803101292,0.0,30.540833279472203,0
case_0126,val,1263.140789664,0.22648345638501505,1,ellipsoid,38.926910914856165,39.22681889485005,1.007704386835366,0.0,21.837656638186246,0
case_0126,val,1263.140789664,0.22648345638501505,2,ellipsoid,38.51939292277133,43.26299279956452,1.123148355071529,0.0,24.64238732930679,0
case_0126,val,1263.140789664,0.22648345638501505,3,ellipsoid,58.69674247924884,45.54851991087346,0.7759974061077802,0.0,15.14763444011585,8
case_0126,val,1263.140789664,0.22648345638501505,4,ellipsoid,13.544269307699784,15.818300047653,1.1678961550668852,0.0,10.180606781997568,0
case_0127,train,1318.664410648,0.320280269792417,0,spiculated,11.46529045229494,10.490320136880253,0.9149633130123159,6.25082394568908,8.717835769606404,0
case_0128,train,1200.190992312,0.2576444348514282,0,ellipsoid,12.673769689261865,19.50564128645204,1.5390560002821125,0.0,7.09068171414934,0
case_0128,train,1200.190992312,0.2576444348514282,1,spiculated,32.73554496363568,32.22958706336826,0.9845440819503855,0.0,6.09326900051665,0
case_0128,train,1200.190992312,0.2576444348514282,2,ellipsoid,23.748705180975453,35.919049457776445,1.5124634873378435,6.25082394568908,3.3258582780353407,0
case_0128,train,1200.190992312,0.2576444348514282,3,ellipsoid,23.573563781472053,29.202164585118968,1.2387674963286963,0.0,8.035812481553606,0
case_0129,train,1354.327327392,0.3513134404488651,0,spiculated,15.35808276649468,16.035016019402317,1.0440766769654635,4.42,2.553636865367649,0
case_0129,train,1354.327327392,0.3513134404488651,1,ellipsoid,26.261997167063562,32.85253463934569,1.2509533997112618,4.42,4.543222899719744,0
case_0130,val,1212.539169296,0.3349950149551346,0,ellipsoid,10.458825027452328,28.407149835670907,2.7160938022299645,14.659481573370867,7.450654795086019,0
case_0130,val,1212.539169296,0.3349950149551346,1,ellipsoid,55.67305885276605,56.98409834880766,1.0235489036000125,0.0,6.203217425822471,0
case_0130,val,1212.539169296,0.3349950149551346,2,ellipsoid,10.031883810078824,22.383381636023167,2.2312241708317084,0.0,3.9061520038016453,0
case_0130,val,1212.539169296,0.3349950149551346,3,ellipsoid,21.25117015691576,28.542746877714652,1.3431141281613614,6.25082394568908,10.587008481176944,0
case_0131,train,1177.6534105439998,0.3496847045021264,0,ellipsoid,28.317724950611158,34.54639476741732,1.21995657587852,0.0,9.17630492141857,0
case_0131,train,1177.6534105439998,0.3496847045021264,1,ellipsoid,10.621799102198574,28.407149835670907,2.6744198004828577,4.42,5.207330517376172,0
case_0131,train,1177.6534105439998,0.3496847045021264,2,ellipsoid,37.64813011699357,44.26746405318853,1.1758210544753491,0.0,6.364410549238897,5
case_0132,train,1473.57790372,0.2771169059478465,0,ellipsoid,33.87127543731178,39.68586023595284,1.1716671345725544,0.0,4.80252956981909,0
case_0132,train,1473.57790372,0.2771169059478465,1,spiculated,10.226869014810156,9.964904601795546,0.9743846906970997,0.0,7.569996041758473,0
case_0132,train,1473.57790372,0.2771169059478465,2,spiculated,22.950495651756874,21.587350366059997,0.940604974010985,0.0,5.253648211771771,0
case_0132,train,1473.57790372,0.2771169059478465,3,ellipsoid,23.41429050577275,32.33508564572245,1.380997884080677,0.0,9.004128855385744,0
case_0133,train,1400.352350696,0.3500030831843128,0,ellipsoid,38.01222751066113,40.73965505519927,1.0717513211708836,0.0,7.20060446857743,0
case_0133,train,1400.352350696,0.3500030831843128,1,spiculated,34.478942355787154,32.64752128385097,0.9468829103561877,0.0,7.18460336614024,0
case_0133,train,1400.352350696,0.3500030831843128,2,spiculated,39.0915830962583,35.356369172334716,0.9044496633782759,0.0,3.227281675226708,0
case_0134,train,1220.9152054319998,0.2310630171865054,0,spiculated,30.457556924890817,29.894713805386637,0.98152041147318,0.0,6.911591775317963,0
case_0134,train,1220.9152054319998,0.2310630171865054,1,spiculated,36.562440220020974,29.95609942705346,0.8193134606658449,0.0,5.119721161864814,0
case_0134,train,1220.9152054319998,0.2310630171865054,2,ellipsoid,19.85452318274545,36.50592864380566,1.838670629750056,0.0,7.341506484593125,0
case_0135,train,1550.689246704,0.3300478895199911,0,ellipsoid,13.535483089430226,24.299414695075775,1.795238081605749,0.0,13.603466384361907,0
case_0135,train,1550.689246704,0.3300478895199911,1,ellipsoid,24.3554433045283,31.470960410640753,1.2921530524878393,4.42,12.19941014209671,0
case_0135,train,1550.689246704,0.3300478895199911,2,spiculated,22.637446023274496,23.530532693046013,1.0394517415459896,0.0,5.834302414003907,0
case_0135,train,1550.689246704,0.3300478895199911,3,spiculated,35.05480977000267,31.80052322934447,0.9071657623587226,0.0,7.4708187335053005,0
case_0135,train,1550.689246704,0.3300478895199911,4,ellipsoid,25.37679675469235,29.709027562496736,1.1707162196112606,0.0,15.017172678068201,2
case_0136,train,1422.6308798,0.3491350531107739,0,ellipsoid,31.841991391201137,41.867407123114255,1.3148488927323632,4.42,11.46669473068462,0
case_0137,test,1428.1573366320001,0.30805973758993893,0,spiculated,37.10434775622518,33.004631875442634,0.8895084773429357,0.0,5.404466593224033,0
case_0137,test,1428.1573366320001,0.30805973758993893,1,spiculated,20.02763429143113,17.589792186315965,0.8782760824548208,0.0,9.398472447188519,0
case_0137,test,1428.1573366320001,0.30805973758993893,2,ellipsoid,17.932975623496034,20.468711735224552,1.1414007449163184,0.0,2.8254631050895065,0
case_0138,test,1139.313616272,0.35250871608306805,0,ellipsoid,18.19530810807656,23.33026312812006,1.2822131392083538,0.0,7.0918052026831,0
case_0138,test,1139.313616272,0.35250871608306805,1,ellipsoid,24.005592125988684,39.68586023595284,1.6531923073452766,4.42,2.145381131555735,0
case_0138,test,1139.313616272,0.35250871608306805,2,spiculated,13.040532245713447,14.371879380093942,1.1020930058140934,0.0,2.100373593027924,0
case_0138,test,1139.313616272,0.35250871608306805,3,spiculated,54.8295234169799,45.22830883217831,0.824889694703634,0.0,3.2226561698710903,0
case_0139,train,1701.803300704,0.3182463974020702,0,ellipsoid,34.36706236808722,39.650925481774486,1.153747883863178,0.0,5.5779245920970215,0
case_0140,test,1314.26051536,0.3495400788436268,0,ellipsoid,16.626620319370637,24.016837739261685,1.4444810357088125,0.0,4.233431361568137,0
case_0141,train,1544.731035432,0.34238917770697075,0,ellipsoid,30.805700773611434,36.25673365027918,1.1769488354355884,0.0,18.440595315817866,0
case_0142,test,986.99064984,0.24698162729658793,0,ellipsoid,38.32167478126953,46.886671273259836,1.2235026663337953,0.0,23.051882799890517,0
case_0142,test,986.99064984,0.24698162729658793,1,spiculated,19.53276839136887,17.589792186315965,0.900527351467933,0.0,35.834438949190975,0
case_0142,test,986.99064984,0.24698162729658793,2,ellipsoid,43.066452808621996,42.87775391654219,0.9956184250205526,0.0,26.84966770531786,0
case_0142,test,986.99064984,0.24698162729658793,3,ellipsoid,27.568066384143656,39.7902971917914,1.4433474091849117,0.0,33.86352047098397,7
case_0142,test,986.99064984,0.24698162729658793,4,spiculated,10.266364389180277,9.964904601795546,0.9706361691484047,0.0,21.380400827363058,0
case_0143,train,1410.8008081439998,0.3493695678785653,0,spiculated,18.58140813837276,17.589792186315965,0.9466339717274176,6.25082394568908,6.754006986255309,0
case_0143,train,1410.8008081439998,0.3493695678785653,1,ellipsoid,17.328325457874776,22.383381636023167,1.2917221395937681,0.0,5.501358039431801,0
case_0143,train,1410.8008081439998,0.3493695678785653,2,ellipsoid,38.9878540219932,45.81196428790393,1.1750316973604453,0.0,6.274873460178577,0
case_0143,train,1410.8008081439998,0.3493695678785653,3,ellipsoid,38.62601837650753,44.18314486989812,1.1438700318324928,0.0,5.6082089663927395,0
case_0144,train,1669.7671212559999,0.2832393856337591,0,ellipsoid,56.04596432864666,53.31645092691476,0.9512986629023569,0.0,5.568517002040757,0
case_0145,train,1655.5192247359998,0.34618193198414354,0,ellipsoid,30.89916204483602,43.32165455656964,1.4020333138389982,0.0,9.133654771862231,0
case_0145,train,1655.5192247359998,0.34618193198414354,1,spiculated,11.727421587672595,10.490320136880253,0.8945120680156383,0.0,5.910754522095839,0
case_0145,train,1655.5192247359998,0.34618193198414354,2,ellipsoid,19.451480700939143,35.919049457776445,1.8465971824984113,0.0,4.407410637410353,0
case_0145,train,1655.5192247359998,0.34618193198414354,3,spiculated,28.054757992612245,28.27024578383238,1.0076809713089265,4.42,4.705693835126179,0
case_0145,train,1655.5192247359998,0.34618193198414354,4,ellipsoid,11.061556460480253,20.855004684959624,1.8853589690988366,4.42,6.603490622533252,0
case_0146,train,1434.547302344,0.27719256004333953,0,spiculated,56.97045769524111,53.04432431026302,0.9310847491171543,0.0,17.698065069993472,0
case_0146,train,1434.547302344,0.27719256004333953,1,ellipsoid,33.10589535143974,28.743758760187884,0.8682368640103204,0.0,8.885730235507655,0
case_0146,train,1434.547302344,0.27719256004333953,2,spiculated,26.64881040250162,25.36887022251081,0.9519700819414192,0.0,22.540635997921576,0
case_0146,train,1434.547302344,0.27719256004333953,3,ellipsoid,19.45289460035478,37.78087217804887,1.9421722552981817,0.0,21.880550006848726,0
case_0147,train,1342.8426592879998,0.3245450453347052,0,ellipsoid,29.02388345411981,40.90459472864615,1.4093425779257642,0.0,6.020097234102443,0
case_0148,train,1322.5502006079998,0.2624053277618177,0,ellipsoid,35.95042805051517,52.57121706372789,1.4623252048587094,0.0,2.404505909046467,0
case_0148,train,1322.5502006079998,0.2624053277618177,1,ellipsoid,33.96381141272431,39.7902971917914,1.1715498213161153,0.0,5.325922161645277,0
case_0149,train,1779.950854344,0.35142871003735504,0,ellipsoid,54.74088197244322,49.19660433393218,0.8987177875339668,0.0,20.178052526552452,0
case_0149,train,1779.950854344,0.35142871003735504,1,ellipsoid,13.729840931112523,23.530532693046013,1.713824130309086,0.0,7.373339410490245,0
case_0149,train,1779.950854344,0.35142871003735504,2,ellipsoid,13.318856235205612,25.196872593506285,1.8918195488065725,0.0,13.334627410275758,0
case_0149,train,1779.950854344,0.35142871003735504,3,ellipsoid,49.93572350476698,45.12055783712879,0.9035727265035316,0.0,12.389799058040678,0
case_0149,train,1779.950854344,0.35142871003735504,4,spiculated,12.733613032067627,13.818557906966928,1.085203223324522,0.0,21.986295755820855,0
case_0150,train,1435.842565664,0.34947077219148426,0,spiculated,11.243353105807513,10.490320136880253,0.9330241644249084,9.88342046054907,7.337903706870865,0
case_0150,train,1435.842565664,0.34947077219148426,1,ellipsoid,36.357405879191774,40.87171320745875,1.1241647257031233,0.0,4.437718577169913,0
case_0150,train,1435.842565664,0.34947077219148426,2,ellipsoid,29.08977616221956,38.23748280073634,1.3144646623440641,0.0,5.929912744093917,0
case_0151,train,1086.207820152,0.29541298990380793,0,ellipsoid,13.639528935636216,23.33026312812006,1.7104889207107956,0.0,22.773861607099008,0
case_0151,train,1086.207820152,0.29541298990380793,1,spiculated,19.841636631805628,16.84827313895228,0.8491372688452996,0.0,19.823397095253906,0
case_0151,train,1086.207820152,0.29541298990380793,2,ellipsoid,14.225091556709796,31.020509038945004,2.1806895874995633,4.42,24.422553528384434,2
case_0151,train,1086.207820152,0.29541298990380793,3,ellipsoid,17.518123775509686,24.57556804849944,1.402865304722647,0.0,18.942227914977995,0
case_0151,train,1086.207820152,0.29541298990380793,4,spiculated,49.870062019980935,40.100363958545124,0.8040969337972452,0.0,18.537442856890276,0
case_0152,train,1598.527638656,0.34129213483146065,0,ellipsoid,31.1853396690451,30.497591587572792,0.9779464296758976,0.0,5.652222643358619,0
case_0152,train,1598.527638656,0.34129213483146065,1,ellipsoid,11.01812501777093,27.8513655721599,2.5277772331716104,4.42,10.849389078311578,0
case_0153,train,1210.898502424,0.27868501747129715,0,ellipsoid,33.79216989509899,32.070032038804634,0.9490373698510516,0.0,20.053431397010375,0
case_0153,train,1210.898502424,0.27868501747129715,1,ellipsoid,24.696384618975102,27.492416221225216,1.113216231662582,0.0,21.128613751764906,0
case_0154,train,1114.530911416,0.28821569690865423,0,ellipsoid,33.652953957856845,40.9374234704491,1.2164585468994638,0.0,20.2263013766049,0
case_0154,train,1114.530911416,0.28821569690865423,1,ellipsoid,18.704842497238204,30.07812154564201,1.608039284483849,0.0,12.008331921534563,0
case_0154,train,1114.530911416,0.28821569690865423,2,ellipsoid,13.09647497080838,23.727450071479502,1.8117432457487395,0.0,19.482277200300217,0
case_0154,train,1114.530911416,0.28821569690865423,3,ellipsoid,29.490517257237144,38.498879959200195,1.305466419031777,0.0,12.353431583055627,0
case_0154,train,1114.530911416,0.28821569690865423,4,ellipsoid,17.743951390239374,18.273565879255788,1.029847607072895,0.0,20.564559012428617,0
case_0155,train,1315.728480456,0.29329920588042263,0,spiculated,18.944169785476838,17.589792186315965,0.9285068908008215,8.84,2.508767775342713,0
case_0155,train,1315.728480456,0.29329920588042263,1,spiculated,22.38057925943146,21.820745215360247,0.9749857214336715,0.0,6.596672700164203,0
case_0155,train,1315.728480456,0.29329920588042263,2,ellipsoid,15.713412011733237,26.897798202179676,1.7117732407255049,0.0,5.439891296850005,0
case_0156,train,1588.9426900879998,0.34856801260801046,0,ellipsoid,15.12132742030144,21.820745215360247,1.4430442916052706,0.0,4.033216539764048,0
case_0156,train,1588.9426900879998,0.34856801260801046,1,ellipsoid,12.13348062167606,23.727450071479502,1.9555353332902021,0.0,4.425551888806977,0
case_0156,train,1588.9426900879998,0.34856801260801046,2,ellipsoid,11.924129705203294,25.196872593506285,2.113099506332207,8.84,2.562938357146938,0
case_0156,train,1588.9426900879998,0.34856801260801046,3,ellipsoid,33.30528358396764,44.73931583213551,1.3433098601109625,0.0,4.8682790375625675,0
case_0156,train,1588.9426900879998,0.34856801260801046,4,spiculated,49.22944363622765,42.11680932493405,0.855520725282797,0.0,2.9599930261008933,0
case_0157,train,1502.678152976,0.35024709803470866,0,spiculated,14.765155423001671,14.371879380093942,0.9733645849541773,0.0,6.0980958341488884,0
case_0157,train,1502.678152976,0.35024709803470866,1,ellipsoid,19.97380826006131,19.790435348599832,0.9908193315428915,0.0,19.103990426222047,0
case_0157,train,1502.678152976,0.35024709803470866,2,ellipsoid,27.155148124973017,34.54639476741732,1.272185834097771,0.0,18.96654921765236,0
case_0158,val,1504.9232760639998,0.3491507918292403,0,ellipsoid,39.78971570460821,51.37044577822779,1.2910483241346298,0.0,14.025610531023155,0
case_0158,val,1504.9232760639998,0.3491507918292403,1,ellipsoid,15.793085235011784,22.161749438815846,1.4032564954240438,0.0,20.24639468779667,0
case_0159,train,1584.9705492399999,0.3384363933533097,0,spiculated,25.04813888084315,23.92115211219397,0.9550071654420959,0.0,7.942441447508561,0
case_0159,train,1584.9705492399999,0.3384363933533097,1,spiculated,19.21827337223113,17.589792186315965,0.9152639181276195,22.537666250080107,8.335235262913391,0
case_0159,train,1584.9705492399999,0.3384363933533097,2,spiculated,10.02958138856932,10.490320136880253,1.0459379838959217,0.0,3.1339283961680944,0
case_0159,train,1584.9705492399999,0.3384363933533097,3,ellipsoid,28.52899788081462,34.95607399087394,1.2252822246652217,0.0,5.402896538988991,0
case_0160,train,1190.692394632,0.2810211037783741,0,ellipsoid,11.90414519038834,22.600709612434834,1.8985579603551146,0.0,16.834256384342893,0
case_0160,train,1190.692394632,0.2810211037783741,1,ellipsoid,31.185925306191866,37.31294945682665,1.196467608078901,0.0,27.84921415085687,0
case_0160,train,1190.692394632,0.2810211037783741,2,ellipsoid,59.481448251977305,72.24062099398816,1.2145067599558104,0.0,11.104353691817554,0
case_0161,val,1326.9540958960001,0.3508166851044446,0,spiculated,15.32817097263942,15.595477408711051,1.017438899693171,0.0,6.000630477011368,0
case_0161,val,1326.9540958960001,0.3508166851044446,1,spiculated,48.70493470263608,45.03940557952131,0.924740087518968,0.0,17.643638550268026,0
case_0162,train,1108.486349256,0.3503933940951936,0,ellipsoid,18.15424181322402,32.22958706336826,1.7753199166869857,0.0,21.724973684903755,0
case_0162,train,1108.486349256,0.3503933940951936,1,ellipsoid,36.886589524521426,42.72772555932192,1.158353919679059,0.0,7.1214567292744855,0
case_0162,train,1108.486349256,0.3503933940951936,2,ellipsoid,27.95208647718632,33.98456491461609,1.2158149604450208,0.0,22.70855397974325,18
case_0162,train,1108.486349256,0.3503933940951936,3,ellipsoid,29.295843777005317,31.415357891276013,1.0723486283721355,0.0,10.303200070289266,0
case_0163,train,1374.0153298559999,0.2874560080442433,0,spiculated,37.77065005984213,35.6182777487522,0.9430146871266496,0.0,2.361619918390231,0
case_0164,test,1146.9124944159998,0.25734076193344374,0,spiculated,58.54777560492044,58.0639131913849,0.9917355969797959,0.0,8.229327528339056,0
case_0164,test,1146.9124944159998,0.25734076193344374,1,spiculated,29.283297944044477,26.66789124583572,0.9106860605930942,0.0,2.233818861540223,0
case_0165,train,1502.7645038639998,0.2304775038786416,0,ellipsoid,10.816634460434774,20.855004684959624,1.9280493171183082,8.84,3.3309929554768276,0
case_0165,train,1502.7645038639998,0.2304775038786416,1,ellipsoid,51.23875608656817,56.69483398458184,1.106483418309289,0.0,5.045487006467985,0
case_0165,train,1502.7645038639998,0.2304775038786416,2,spiculated,19.1888685876672,16.24602727046464,0.8466381014723326,0.0,7.50293144628851,0
case_0165,train,1502.7645038639998,0.2304775038786416,3,ellipsoid,18.754562311075226,38.0864941292259,2.0307855495371645,0.0,10.209012530448252,0
case_0165,train,1502.7645038639998,0.2304775038786416,4,ellipsoid,15.73954555922655,23.727450071479502,1.507505409364912,0.0,3.787193189919628,0
case_0166,train,1712.1654072640001,0.34995965301593707,0,ellipsoid,18.901271045615616,35.223947073318456,1.8635755758599677,4.42,13.10061314326172,0
case_0166,train,1712.1654072640001,0.34995965301593707,1,ellipsoid,37.94176121111674,50.24175968134482,1.3241810099902331,0.0,10.435541781098982,0
case_0167,train,1292.67279336,0.3488309953239813,0,spiculated,11.944931261219105,10.490320136880253,0.8782235667557626,0.0,4.112286556114729,0
case_0168,val,1550.775597592,0.3146611726710841,0,spiculated,34.02442573871059,33.69654627790456,0.9903634094128738,0.0,4.021963841676956,0
case_0169,train,1142.4222482399998,0.35041572184429326,0,ellipsoid,34.457661476546065,40.60673517055716,1.1784530182988917,0.0,9.135627179086748,0
case_0169,train,1142.4222482399998,0.35041572184429326,1,ellipsoid,17.359061520964737,22.049251311315242,1.2701868292065277,0.0,7.191291225101922,0
case_0169,train,1142.4222482399998,0.35041572184429326,2,ellipsoid,33.90022301275829,46.78643222613315,1.3801216649378725,0.0,23.097663502946606,0
case_0169,train,1142.4222482399998,0.35041572184429326,3,ellipsoid,16.88520632016093,24.484208216193156,1.4500390313240663,0.0,17.25959188831115,0
case_0169,train,1142.4222482399998,0.35041572184429326,4,spiculated,13.599248857315384,14.633243370680612,1.0760332077318384,0.0,14.751569665906723,0
case_0170,train,1203.040571616,0.34689922480620156,0,ellipsoid,10.372154403927302,27.8513655721599,2.685205453711168,4.42,6.613284819724265,0
case_0170,train,1203.040571616,0.34689922480620156,1,ellipsoid,20.153785957303583,31.020509038945004,1.5391901603332947,0.0,4.067249727523284,0
case_0170,train,1203.040571616,0.34689922480620156,2,ellipsoid,22.971241745169827,34.775185506310926,1.5138574523783905,4.42,4.394010824656559,0
case_0171,train,1380.6643482319998,0.3506160485333667,0,ellipsoid,19.329852792703136,37.23381252900107,1.9262336308663734,0.0,4.242021780278204,0
case_0171,train,1380.6643482319998,0.3506160485333667,1,ellipsoid,13.03613779907029,24.484208216193156,1.878179610677276,13.977267257944238,7.6239211841256695,0
case_0172,train,1307.697847872,0.3499075541468568,0,ellipsoid,25.374299311804755,36.99436016593583,1.4579460780903273,0.0,4.842788983186505,0
case_0172,train,1307.697847872,0.3499075541468568,1,spiculated,12.314963247844116,10.490320136880253,0.8518352776015561,0.0,7.017854138026127,0
case_0173,train,1148.2941086239998,0.24379605955782824,0,spiculated,19.848548412356124,21.104788963567845,1.0632913059994697,4.42,19.553193031363655,0
case_0174,train,1682.8924562319999,0.35055672430601875,0,ellipsoid,57.56417321036301,67.08913256763527,1.165466796899248,0.0,4.191758297860649,0
case_0174,train,1682.8924562319999,0.35055672430601875,1,spiculated,39.545922866117536,38.86625787899345,0.9828132728265039,0.0,4.472957765567266,83
case_0174,train,1682.8924562319999,0.35055672430601875,2,ellipsoid,27.865693107672193,41.26285384642046,1.480776153206814,0.0,5.283508546153383,0
case_0175,train,1364.1713286240001,0.25085453854918344,0,spiculated,54.188134336693565,43.46761810733769,0.8021611860127013,0.0,27.070593876350266,0
case_0175,train,1364.1713286240001,0.25085453854918344,1,ellipsoid,50.00281488025526,33.20527286367043,0.6640680718313376,0.0,9.083461581143698,0
case_0175,train,1364.1713286240001,0.25085453854918344,2,ellipsoid,32.73489809818772,40.33825303820429,1.232270615818337,0.0,29.559233737654186,0
case_0175,train,1364.1713286240001,0.25085453854918344,3,ellipsoid,17.69613568234758,31.247358113539402,1.7657729729496574,0.0,11.64207868238723,0
case_0176,test,1455.6169190159999,0.31885863439520673,0,spiculated,13.836020946113647,14.633243370680612,1.0576193421267472,13.26,14.730144656967376,0
case_0176,test,1455.6169190159999,0.31885863439520673,1,ellipsoid,28.013192642274145,30.673882159769477,1.094979874356775,0.0,17.18469692195183,0
case_0177,train,1608.112587224,0.2544702786876443,0,ellipsoid,28.586815528510527,43.056413288066395,1.5061633306138937,0.0,8.420556035114231,0
case_0177,train,1608.112587224,0.2544702786876443,1,ellipsoid,17.754020981518504,36.25673365027918,2.042170260360824,8.84,10.170567505587705,0
case_0177,train,1608.112587224,0.2544702786876443,2,ellipsoid,36.61348598341819,47.20952398896898,1.2894025990955795,0.0,2.181571678549772,2
case_0178,val,1689.2824219440001,0.275571231406226,0,ellipsoid,24.415399634512582,31.020509038945004,1.2705304645145237,0.0,5.963517623657592,0
case_0178,val,1689.2824219440001,0.275571231406226,1,ellipsoid,27.960234428496072,43.40935045289601,1.552538858853585,0.0,9.590016285267277,0
case_0178,val,1689.2824219440001,0.275571231406226,2,spiculated,16.77288258991408,16.451695018652085,0.9808507828311437,7.655664569454437,1.8860134990095956,0
case_0178,val,1689.2824219440001,0.275571231406226,3,ellipsoid,15.912908647235614,22.383381636023167,1.406617868060947,0.0,2.5906072243300384,0
case_0179,train,1295.6950744399999,0.2527824058647118,0,ellipsoid,36.02497826470126,45.03940557952131,1.2502271409738157,0.0,21.242228363485854,0
case_0179,train,1295.6950744399999,0.2527824058647118,1,spiculated,53.86475188030536,38.010548774913204,0.7056664599398451,0.0,23.94426416200315,0
case_0179,train,1295.6950744399999,0.2527824058647118,2,ellipsoid,29.512666755661684,45.12055783712879,1.528853973471337,0.0,12.443513815344465,0
case_0179,train,1295.6950744399999,0.2527824058647118,3,ellipsoid,20.426811696202808,36.42324222558925,1.783109511523037,0.0,24.894701303236765,0
case_0179,train,1295.6950744399999,0.2527824058647118,4,ellipsoid,30.678010252952543,24.111766938435466,0.7859625425385884,0.0,25.522230397726354,0
case_0180,train,1312.5334976,0.29710526315789476,0,ellipsoid,14.762906092707475,24.484208216193156,1.6584951541680384,9.88342046054907,4.892612870569212,0
case_0181,train,1089.057399456,0.30256898192197906,0,ellipsoid,14.0797714485022,26.433950321182994,1.8774417196946067,0.0,4.737721840834394,0
case_0181,train,1089.057399456,0.30256898192197906,1,ellipsoid,11.71181730674203,21.104788963567845,1.8020080411789425,0.0,7.310325089347003,0
case_0181,train,1089.057399456,0.30256898192197906,2,ellipsoid,13.191411884404486,27.27246746893202,2.067441128206665,4.42,6.082909909165585,0
case_0182,train,1126.360983072,0.31631401410610244,0,ellipsoid,53.234511737109564,51.05605329074485,0.9590780797028308,0.0,13.382608821849203,0
case_0182,train,1126.360983072,0.31631401410610244,1,ellipsoid,13.61786649192191,28.407149835670907,2.0860205857152416,10.826744663101646,12.841170212812742,0
case_0182,train,1126.360983072,0.31631401410610244,2,ellipsoid,12.02182424108911,20.855004684959624,1.7347620682791047,0.0,18.498417636486053,0
case_0182,train,1126.360983072,0.31631401410610244,3,ellipsoid,24.60158910006198,25.022494185730075,1.0171088576415186,0.0,15.276361210390888,0
case_0182,train,1126.360983072,0.31631401410610244,4,ellipsoid,17.238690044168692,29.833075045345705,1.7305882853574073,0.0,16.600098598121182,0
case_0183,test,1062.461325952,0.22578023407022108,0,spiculated,16.585339640645934,16.451695018652085,0.9919420027030182,18.22412686523006,26.399738055093135,0
case_0184,train,1496.806292592,0.2674512518749279,0,spiculated,33.53136531651444,28.81014181064749,0.8591997832088957,0.0,6.053084415199823,0
case_0185,train,1598.268585992,0.3414014803609055,0,spiculated,21.91486344961733,22.161749438815846,1.0112656868597933,0.0,18.848213992019605,0
case_0185,train,1598.268585992,0.3414014803609055,1,ellipsoid,10.725167351370358,16.84827313895228,1.5709100461541583,0.0,14.134094045420005,0
case_0186,train,1448.4497953119999,0.2730416120186002,0,ellipsoid,10.279085206556232,25.196872593506285,2.4512757786495585,0.0,16.310032443633602,0
case_0186,train,1448.4497953119999,0.2730416120186002,1,spiculated,21.200402122070685,20.980640273760503,0.9896340717008666,0.0,20.92260760248546,0
case_0187,train,1226.441662264,0.35006688727733576,0,ellipsoid,15.690413634365648,25.196872593506285,1.6058768864014703,4.42,3.150478855795196,0
case_0187,train,1226.441662264,0.35006688727733576,1,ellipsoid,57.92022846641602,48.85352061735737,0.8434621532213773,0.0,5.903987174410965,0
case_0187,train,1226.441662264,0.35006688727733576,2,spiculated,27.059583415580825,25.953226104909408,0.9591140301873835,0.0,3.091477693853794,0
case_0188,val,1211.416607752,0.2620999358471737,0,ellipsoid,57.10098313298966,50.587818007918074,0.8859360247808298,0.0,10.39747240752253,0
case_0188,val,1211.416607752,0.2620999358471737,1,ellipsoid,13.492926817501827,24.484208216193156,1.8145957913619168,18.22412686523006,4.092756704491772,0
case_0189,train,1156.411092096,0.35043309438470727,0,ellipsoid,16.5639720702973,28.27024578383238,1.706731070533915,0.0,10.126127217727765,0
case_0189,train,1156.411092096,0.35043309438470727,1,ellipsoid,10.141145717490545,23.1264949638554,2.2804617553191138,0.0,16.01110833044054,0
case_0189,train,1156.411092096,0.35043309438470727,2,ellipsoid,34.33674132867073,26.897798202179676,0.7833532583862396,0.0,19.917250700066116,0
case_0189,train,1156.411092096,0.35043309438470727,3,ellipsoid,38.22059034145546,43.38015787485619,1.1349944489947992,0.0,7.276956591197753,0
case_0189,train,1156.411092096,0.35043309438470727,4,spiculated,37.228900604796415,36.954148873196246,0.9926199343215424,0.0,13.235700146475258,0
case_0190,train,1574.781144456,0.33914569282228435,0,spiculated,55.17192212308309,55.25623285367827,1.0015281456101364,6.25082394568908,2.3232397427841067,0
case_0190,train,1574.781144456,0.33914569282228435,1,spiculated,39.651174309904434,36.17290275312461,0.91227822082659,0.0,6.340929032703203,0
case_0191,test,983.7093160960001,0.35059691011235955,0,spiculated,29.452525396056583,25.022494185730075,0.8495873901896491,0.0,15.373528449448017,0
case_0191,test,983.7093160960001,0.35059691011235955,1,spiculated,27.79605174132122,23.430825850030068,0.8429551818396614,0.0,21.541333695884124,0
case_0191,test,983.7093160960001,0.35059691011235955,2,spiculated,52.05160630851684,41.10078283673436,0.7896160320802498,0.0,20.748156173798957,0
case_0192,train,1220.656152768,0.34974533106960953,0,ellipsoid,13.22783146104343,20.336651854019223,1.537413892361087,0.0,5.647749968452037,0
case_0193,train,1198.636676328,0.3510553994668972,0,ellipsoid,19.875110866112056,35.876390214006854,1.8050913253106773,0.0,4.277425117795754,0
case_0193,train,1198.636676328,0.3510553994668972,1,ellipsoid,19.43499159793661,28.27024578383238,1.4546055058152842,0.0,4.884367305284934,0
case_0193,train,1198.636676328,0.3510553994668972,2,ellipsoid,15.741242716021542,26.821600065316197,1.7039061368399455,0.0,4.1477804504619655,0
case_0194,train,1370.993048776,0.2474648863135353,0,spiculated,21.32993792754967,17.410291986178873,0.8162373488997268,0.0,15.100706376070805,0
case_0195,test,1362.962416192,0.3303345159655347,0,ellipsoid,22.154558255261833,34.03209583657633,1.5361216163492457,4.42,11.212157565822968,0
case_0195,test,1362.962416192,0.3303345159655347,1,ellipsoid,13.397828211262894,26.51238980267902,1.97885727332967,0.0,20.11900316260859,0
case_0195,test,1362.962416192,0.3303345159655347,2,ellipsoid,19.876924980176806,36.50592864380566,1.8365984014234047,0.0,7.6473834939788965,0
case_0196,test,1223.678433848,0.28247830075506314,0,ellipsoid,18.31704914545695,29.45777639857075,1.6082162669677043,0.0,7.711685190267559,0
case_0196,test,1223.678433848,0.28247830075506314,1,ellipsoid,21.139580613231633,27.419491697753475,1.2970688586220644,0.0,8.511270312080804,0
case_0196,test,1223.678433848,0.28247830075506314,2,spiculated,16.983479878544312,16.451695018652085,0.9686881096397656,19.76684092109814,10.484758809503845,0
case_0196,test,1223.678433848,0.28247830075506314,3,ellipsoid,34.39232620463354,38.64666981508838,1.1237003738898494,0.0,20.33795669558533,0
case_0196,test,1223.678433848,0.28247830075506314,4,ellipsoid,13.058071900134532,21.587350366059997,1.65318054082989,0.0,24.63429175975419,0
case_0197,train,1429.97070528,0.2798309178743961,0,ellipsoid,22.7094986796084,35.876390214006854,1.5797966621879431,0.0,10.478500593693655,0
case_0198,train,990.790088912,0.35044448317936205,0,ellipsoid,25.492461692314457,31.415357891276013,1.232339123245489,0.0,7.060631720231381,0
case_0198,train,990.790088912,0.35044448317936205,1,spiculated,36.24552606388915,34.314532782841944,0.9467246446459767,0.0,2.4122818646129063,0
case_0198,train,990.790088912,0.35044448317936205,2,ellipsoid,15.41239159459877,25.196872593506285,1.634845081559987,0.0,4.091460594397969,0
case_0198,train,990.790088912,0.35044448317936205,3,ellipsoid,17.81001134240127,27.048912598801483,1.5187476346185502,0.0,5.842667616262649,0
case_0198,train,990.790088912,0.35044448317936205,4,ellipsoid,17.808738646627518,21.587350366059997,1.212177391920345,0.0,3.8525633620175137,0
case_0199,train,1511.658645328,0.3034388209756655,0,ellipsoid,19.71943319046968,30.438372814134258,1.5435723998824165,0.0,3.365084007455082,0
case_0199,train,1511.658645328,0.3034388209756655,1,spiculated,38.937715120966274,31.1909548174221,0.8010473835077991,0.0,9.094212631934099,0
case_0199,train,1511.658645328,0.3034388209756655,2,spiculated,18.412056903354213,17.589792186315965,0.9553409637307577,9.88342046054907,1.773293976132113,0
case_0200,train,1538.6001223839999,0.34959030194185653,0,ellipsoid,13.516345956882923,23.727450071479502,1.7554633587487294,0.0,6.941224921554676,0
case_0200,train,1538.6001223839999,0.34959030194185653,1,ellipsoid,29.81096638862427,40.439351839577,1.35652602845537,0.0,6.499601048412946,0
case_0200,train,1538.6001223839999,0.34959030194185653,2,ellipsoid,45.39837790190936,59.05774695960501,1.3008779099378607,0.0,8.416430440347076,1
case_0200,train,1538.6001223839999,0.34959030194185653,3,spiculated,22.95563558259555,22.492570591452406,0.979827829664005,0.0,10.690221859515999,0
case_0200,train,1538.6001223839999,0.34959030194185653,4,ellipsoid,36.258545401664435,44.73931583213551,1.233897149941425,0.0,3.4919482249495912,0
case_0201,train,1318.837112424,0.3003993976298042,0,ellipsoid,16.25150682359143,24.484208216193156,1.5065808039812505,9.88342046054907,10.104359634928548,0
case_0201,train,1318.837112424,0.3003993976298042,1,ellipsoid,16.76155558760494,25.109986135992994,1.4980701525436975,0.0,10.618924782692249,0
case_0201,train,1318.837112424,0.3003993976298042,2,ellipsoid,12.743501139103003,23.92115211219397,1.8771255913959721,0.0,9.00206888676602,0
case_0201,train,1318.837112424,0.3003993976298042,3,spiculated,20.52688828262614,19.062176746126777,0.9286442486395229,0.0,10.296825928205585,0
case_0201,train,1318.837112424,0.3003993976298042,4,spiculated,27.770652091707767,27.27246746893202,0.9820607517198164,0.0,6.115249169342688,0
case_0202,train,1205.02664204,0.35091365102113936,0,ellipsoid,14.05597154805352,23.824694806015227,1.6949874097685182,0.0,18.948243287764747,0
case_0203,train,1226.528013152,0.3491270064770487,0,spiculated,19.364377249347623,17.589792186315965,0.9083582683718143,0.0,5.198719664253708,0
case_0203,train,1226.528013152,0.3491270064770487,1,ellipsoid,11.168455561525622,27.8513655721599,2.4937526427651715,0.0,5.173006321803976,0
case_0203,train,1226.528013152,0.3491270064770487,2,ellipsoid,19.81308484678059,31.908873378996777,1.6104949646032338,0.0,7.081848035258424,0
case_0204,train,1699.730879392,0.2679333468807153,0,ellipsoid,34.79787279032113,47.84230422438794,1.3748628978750408,0.0,5.722651591156131,0
case_0204,train,1699.730879392,0.2679333468807153,1,ellipsoid,19.548551350653494,36.58824217760062,1.8716600284745653,0.0,2.4168118800743486,0
case_0204,train,1699.730879392,0.2679333468807153,2,ellipsoid,50.628265567930875,67.93341299142608,1.3418080242206971,0.0,4.190012823078576,14
case_0205,train,1423.408037792,0.3247391409851978,0,spiculated,13.115019859961706,10.967796679101392,0.8362775501838559,0.0,5.638448456718053,0
case_0205,train,1423.408037792,0.3247391409851978,1,ellipsoid,13.611663885660466,22.813936446721197,1.6760578749490784,0.0,6.537661551053405,0
case_0205,train,1423.408037792,0.3247391409851978,2,ellipsoid,25.677502436833656,37.62618929065272,1.4653368014748587,0.0,7.225217659234815,0
case_0205,train,1423.408037792,0.3247391409851978,3,spiculated,53.733305066577195,46.40665547492005,0.8636478887241497,0.0,3.7128233329142164,0
case_0205,train,1423.408037792,0.3247391409851978,4,ellipsoid,25.27792795210088,27.922054620459978,1.1046021918160953,0.0,4.7820943193995165,0
case_0206,train,1730.558146408,0.34963325183374083,0,spiculated,20.59437494665144,21.104788963567845,1.0247841470420251,4.42,18.521722490776458,0
case_0206,train,1730.558146408,0.34963325183374083,1,ellipsoid,30.982787996801306,36.913849878444985,1.1914308642029248,7.655664569454437,17.559514809334786,0
case_0207,train,1434.0291970160001,0.23026434635996867,0,ellipsoid,17.70938516712037,34.865864366638206,1.9687789292296227,16.53812564954082,3.9947376685079163,0
case_0208,train,1329.8036752,0.3505844155844156,0,ellipsoid,20.12570670853471,30.07812154564201,1.494512564514655,4.42,13.092603550449237,0
case_0209,val,1046.054657232,0.3485223708106323,0,ellipsoid,21.18847533724614,30.438372814134258,1.4365532361183249,0.0,14.078156740442465,0
case_0209,val,1046.054657232,0.3485223708106323,1,ellipsoid,19.56486006790599,25.022494185730075,1.2789508383337092,0.0,17.504390967770092,0
case_0210,train,1710.61109128,0.2708732963149924,0,ellipsoid,13.535510231370713,24.484208216193156,1.8088869793358127,26.52,13.433501319718966,0
case_0210,train,1710.61109128,0.2708732963149924,1,ellipsoid,44.58534052856028,46.17577277255267,1.035671640614107,0.0,17.48866436342645,0
case_0210,train,1710.61109128,0.2708732963149924,2,ellipsoid,59.83252164030003,58.291298668161836,0.974241049350992,0.0,14.701070368421895,3
case_0211,train,1561.828511256,0.34842704705036764,0,spiculated,13.710478060691138,14.633243370680612,1.0673036568020997,4.42,9.11586571438698,0
case_0211,train,1561.828511256,0.34842704705036764,1,ellipsoid,30.39709114838254,45.99458794429095,1.5131246512954042,0.0,12.85232321449296,0
case_0211,train,1561.828511256,0.34842704705036764,2,spiculated,44.08376410535286,37.034484232272675,0.8400935125178154,0.0,12.408034286516468,0
case_0211,train,1561.828511256,0.34842704705036764,3,ellipsoid,13.01555397968924,14.885590260491965,1.143677040848274,0.0,21.048126632720216,0
case_0212,train,1094.4975054,0.2535700197238659,0,ellipsoid,15.397413507637568,22.813936446721197,1.48167329762267,0.0,3.118880419529198,0
case_0213,val,1285.246616992,0.2865493147003494,0,spiculated,54.2928841613988,47.98597567010921,0.8838354493649523,0.0,3.496228783136337,0
case_0213,val,1285.246616992,0.2865493147003494,1,ellipsoid,13.215523887498957,24.20595448430478,1.8316303379544467,0.0,4.545046363334494,0
case_0214,train,1232.140820872,0.22012754923260214,0,ellipsoid,56.25777442135207,60.71313765594452,1.0791955117389334,0.0,4.686555548787861,0
case_0214,train,1232.140820872,0.22012754923260214,1,ellipsoid,29.26529796062533,42.36329224044709,1.4475605988172173,0.0,7.204474146575524,0
case_0214,train,1232.140820872,0.22012754923260214,2,ellipsoid,13.628472066189673,25.196872593506285,1.8488406089202172,9.88342046054907,7.221588887117639,0
case_0214,train,1232.140820872,0.22012754923260214,3,ellipsoid,11.057769459973137,21.468736156966678,1.9415069408599184,0.0,7.840031752826813,0
case_0215,train,1621.065220424,0.2882331007297715,0,ellipsoid,10.858868308199558,24.484208216193156,2.25476610649243,8.84,2.0125812648514847,0
case_0215,train,1621.065220424,0.2882331007297715,1,ellipsoid,14.323570515959158,23.727450071479502,1.656531801553436,0.0,4.567625955563635,0
case_0215,train,1621.065220424,0.2882331007297715,2,ellipsoid,23.470516345272685,34.775185506310926,1.4816540460693857,12.50164789137816,3.7638355743489433,0
case_0216,train,1213.2299764,0.2679003558718861,0,spiculated,18.424863592523728,17.227012143545842,0.9349872283741661,0.0,11.748672482917105,0
case_0217,train,1147.776003296,0.3178603671381282,0,spiculated,52.75426751256116,43.98513836258769,0.833774032633749,0.0,6.361885877020636,0
case_0217,train,1147.776003296,0.3178603671381282,1,ellipsoid,25.089731077013766,32.595863727176656,1.2991715067460294,0.0,6.037298676092474,0
case_0218,train,1110.47241968,0.3178849144634526,0,ellipsoid,29.899734476283786,27.346177198933614,0.9145959881558269,0.0,5.912494597998351,0
case_0219,train,1527.288156056,0.29196585062475267,0,spiculated,36.642178450838955,28.743758760187884,0.7844445929641438,0.0,7.240952625010385,0
case_0219,train,1527.288156056,0.29196585062475267,1,ellipsoid,14.326918452819324,25.196872593506285,1.758708453355363,13.977267257944238,2.4402524831939365,0
case_0219,train,1527.288156056,0.29196585062475267,2,ellipsoid,18.19984124976576,14.633243370680612,0.8040313742225058,0.0,6.542890892496851,0
case_0219,train,1527.288156056,0.29196585062475267,3,ellipsoid,16.21183710294693,31.020509038945004,1.9134481084383834,19.26633333044978,5.348798977674836,0
case_0219,train,1527.288156056,0.29196585062475267,4,spiculated,11.027582112727533,10.490320136880253,0.951280165465538,0.0,6.827256364369025,0
case_0220,train,1580.393952176,0.28379412086110806,0,spiculated,32.19151773755967,32.22958706336826,1.00118258872163,0.0,7.413586240480878,0
case_0220,train,1580.393952176,0.28379412086110806,1,spiculated,26.50444239022375,26.821600065316197,1.011966208170802,0.0,7.769888454364481,0
case_0220,train,1580.393952176,0.28379412086110806,2,spiculated,30.544442976795246,25.196872593506285,0.8249249335680623,0.0,6.036516481885909,0
case_0221,train,1477.290991904,0.34942716857610473,0,ellipsoid,12.0329623934694,26.51238980267902,2.2033136093791814,0.0,14.111939718299151,0
case_0221,train,1477.290991904,0.34942716857610473,1,ellipsoid,17.369152591864147,31.020509038945004,1.7859540858357859,4.42,5.059108110489576,0
case_0222,train,1277.56138796,0.34957755998648193,0,ellipsoid,11.249722746582858,21.820745215360247,1.9396695995897653,0.0,2.08122919772368,0
case_0222,train,1277.56138796,0.34957755998648193,1,ellipsoid,37.71665484141041,56.74609516439149,1.5045367995384364,0.0,4.834997782380745,0
case_0222,train,1277.56138796,0.34957755998648193,2,ellipsoid,20.304545146524124,31.415357891276013,1.547208157807658,0.0,5.420145485966935,0
case_0222,train,1277.56138796,0.34957755998648193,3,ellipsoid,39.589681441672035,48.03367547852337,1.21328774896287,0.0,4.644975240477884,0
case_0223,train,1308.475005864,0.2304494159572362,0,ellipsoid,24.903028556119118,32.123393255412424,1.289939220967529,0.0,6.8789838781695565,0
case_0223,train,1308.475005864,0.2304494159572362,1,ellipsoid,17.418158959411176,24.484208216193156,1.4056714187330421,6.25082394568908,3.1497566344244503,0
case_0224,val,1291.032126488,0.2688783358972644,0,spiculated,37.01540352437479,37.074521543702325,1.0015971194070221,0.0,13.233115438248236,0
case_0225,val,1470.641973528,0.259115730139158,0,ellipsoid,51.003767989420155,63.790739667693494,1.250706412140487,0.0,23.926265062298334,0
case_0225,val,1470.641973528,0.259115730139158,1,ellipsoid,11.286639887258806,24.299414695075775,2.1529361207410145,0.0,23.763865919522484,0
case_0225,val,1470.641973528,0.259115730139158,2,ellipsoid,15.192498628681586,18.909672798944936,1.2446716804861695,0.0,27.274422806340986,0
case_0226,train,1384.5501381919998,0.2268304852189098,0,ellipsoid,45.00029792916584,50.84428788192287,1.1298655836002673,0.0,3.600576404723895,0
case_0226,train,1384.5501381919998,0.2268304852189098,1,spiculated,50.152120190234086,45.81196428790393,0.9134601710582259,0.0,6.808115349097713,0
case_0227,train,1134.4779665439999,0.3499010503881869,0,ellipsoid,59.47819104446683,52.351501966541775,0.8801797944292382,0.0,6.403161957171442,0
case_0227,train,1134.4779665439999,0.3499010503881869,1,ellipsoid,18.04727448811473,28.542746877714652,1.5815544278728544,16.53812564954082,10.403632878833433,0
case_0227,train,1134.4779665439999,0.3499010503881869,2,ellipsoid,27.908516060564644,28.542746877714652,1.0227253507772915,0.0,10.038298922062227,45
case_0228,train,1166.082391552,0.3499703791469194,0,ellipsoid,25.107727559926836,31.415357891276013,1.2512226690485706,0.0,4.655440080593233,0
case_0228,train,1166.082391552,0.3499703791469194,1,ellipsoid,26.883641516928314,40.33825303820429,1.5004757823750836,0.0,12.273367169318966,0
case_0228,train,1166.082391552,0.3499703791469194,2,ellipsoid,12.155575091809808,24.484208216193156,2.0142369267818636,9.88342046054907,9.251441089163704,0
case_0228,train,1166.082391552,0.3499703791469194,3,ellipsoid,19.099633463422336,32.954088715387456,1.7253780696104852,0.0,17.76258221218423,15
case_0229,train,1142.940353568,0.34761257177394983,0,ellipsoid,14.714022387510603,23.228825920325082,1.5786863244167633,0.0,16.697855942595847,0
case_0229,train,1142.940353568,0.34761257177394983,1,ellipsoid,24.380663671453448,25.788960779439627,1.0577628700745791,0.0,12.255042144803523,0
case_0229,train,1142.940353568,0.34761257177394983,2,spiculated,30.79215381880347,28.81014181064749,0.9356325634179689,0.0,8.830937403929578,0
case_0230,train,1142.4222482399998,0.34066515495086924,0,spiculated,55.35155420544248,47.86630939862387,0.8647690220398071,0.0,9.459125099987435,0
case_0230,train,1142.4222482399998,0.34066515495086924,1,spiculated,27.948695122981434,23.62940163867253,0.8454563454464367,0.0,9.614765759050144,0
case_0230,train,1142.4222482399998,0.34066515495086924,2,ellipsoid,24.070506608859265,24.57556804849944,1.020982584531656,0.0,7.579033673525151,0
case_0230,train,1142.4222482399998,0.34066515495086924,3,ellipsoid,11.75091872201292,19.062176746126777,1.622186077282428,0.0,7.19531680402256,0
case_0231,train,1730.730848184,0.2937683979444195,0,spiculated,54.70649167560253,42.99702505643098,0.7859583705603694,0.0,8.327582395719615,0
case_0231,train,1730.730848184,0.2937683979444195,1,spiculated,22.8312625091213,21.468736156966678,0.9403219006565984,0.0,5.065473914651823,0
case_0231,train,1730.730848184,0.2937683979444195,2,ellipsoid,18.961292424799627,37.23381252900107,1.963674822097183,6.25082394568908,9.966676954295268,0
case_0231,train,1730.730848184,0.2937683979444195,3,ellipsoid,10.393027385718204,20.855004684959624,2.00663424726639,9.88342046054907,8.9020923939801,0
case_0232,train,1534.627981536,0.3319266261534999,0,spiculated,32.7271639305508,28.338863154417265,0.8659125860876365,0.0,15.099980407404978,0
case_0232,train,1534.627981536,0.3319266261534999,1,ellipsoid,14.415870390266843,28.407149835670907,1.9705469782005358,9.88342046054907,11.715225121709107,0
case_0232,train,1534.627981536,0.3319266261534999,2,ellipsoid,14.526406200277425,25.196872593506285,1.7345565204575566,9.88342046054907,11.38584738283729,0
case_0232,train,1534.627981536,0.3319266261534999,3,ellipsoid,45.859059622209394,48.482173086034756,1.0571994603778354,0.0,24.672663583043516,0
case_0232,train,1534.627981536,0.3319266261534999,4,ellipsoid,58.159675244343056,51.84516944656793,0.891428111122589,0.0,17.124012439358747,9
case_0233,train,1428.7617928480001,0.34902695515532456,0,spiculated,14.558731398856501,14.633243370680612,1.005118026411969,4.42,3.345724332118797,0
case_0234,train,1530.0513844719999,0.34939895027936113,0,ellipsoid,37.461424037886786,59.15216398200368,1.5790153604993729,0.0,16.36551523508803,0
case_0234,train,1530.0513844719999,0.34939895027936113,1,ellipsoid,14.738413954613968,18.909672798944936,1.2830195200905674,0.0,10.436818639719244,0
case_0234,train,1530.0513844719999,0.34939895027936113,2,ellipsoid,34.675383292396546,40.50647121890606,1.1681621765313874,0.0,16.01802490659283,0
case_0235,train,1204.681238488,0.3245645473442764,0,spiculated,35.3882488105242,32.070032038804634,0.9062339368787088,0.0,8.452921032920697,0
case_0236,train,1613.46634228,0.3507091249665507,0,spiculated,46.8537154514944,39.19106060803535,0.8364557694172223,0.0,2.0315137115719493,0
case_0236,train,1613.46634228,0.3507091249665507,1,ellipsoid,20.525981477826107,35.919049457776445,1.749930910567138,9.88342046054907,7.30662753665579,0
case_0236,train,1613.46634228,0.3507091249665507,2,spiculated,24.868764305413507,23.824694806015227,0.9580168324177247,0.0,4.957172682415624,0
case_0236,train,1613.46634228,0.3507091249665507,3,ellipsoid,39.0835714496698,58.978834857385976,1.5090441500039595,0.0,2.356509313258505,0
case_0237,train,1313.39700648,0.3509533201840894,0,ellipsoid,13.865522983844013,27.27246746893202,1.9669267073957228,7.655664569454437,7.7430656677044745,0
case_0237,train,1313.39700648,0.3509533201840894,1,spiculated,10.31087615732717,10.490320136880253,1.017403368716204,0.0,5.1186123941648285,0
case_0238,test,1138.709160056,0.24774399029347086,0,ellipsoid,25.20929653445387,38.0864941292259,1.5108114610486094,0.0,30.178129201702625,0
case_0238,test,1138.709160056,0.24774399029347086,1,ellipsoid,37.90405622365314,37.742320240888404,0.9957330164927359,0.0,21.120780254000543,2
case_0238,test,1138.709160056,0.24774399029347086,2,ellipsoid,35.58863601532968,46.609973100454944,1.3096869764937846,0.0,23.55539789470751,0
case_0238,test,1138.709160056,0.24774399029347086,3,spiculated,10.576968458150318,10.490320136880253,0.9918078302291526,13.26,18.001112976599348,0
case_0238,test,1138.709160056,0.24774399029347086,4,ellipsoid,18.178496872898297,26.355042537340776,1.4497921759764754,0.0,31.301436364016357,2
case_0239,train,1285.160266104,0.35107169253510717,0,ellipsoid,25.326757358156282,34.12676140304078,1.3474587733613095,0.0,18.724397233938767,0
case_0239,train,1285.160266104,0.35107169253510717,1,ellipsoid,18.43699789547687,35.6182777487522,1.9318914039411152,0.0,21.155585549912484,0
case_0239,train,1285.160266104,0.35107169253510717,2,ellipsoid,18.252670495296634,27.198357137654785,1.4901028945141634,0.0,8.606945606534484,0
case_0239,train,1285.160266104,0.35107169253510717,3,spiculated,11.047641360319824,10.490320136880253,0.9495529221792699,23.802428447534506,10.90322052930093,0
case_0240,train,1427.6392313039998,0.27514667634428114,0,ellipsoid,28.905223899191785,38.57291644917481,1.3344617770026457,0.0,5.690668034450616,0
case_0240,train,1427.6392313039998,0.27514667634428114,1,spiculated,29.20870473811881,29.64661345520817,1.0149924045251437,6.25082394568908,9.45056983239003,0
case_0240,train,1427.6392313039998,0.27514667634428114,2,ellipsoid,13.64749372247755,18.273565879255788,1.3389686231662488,0.0,10.423810114178698,0
case_0240,train,1427.6392313039998,0.27514667634428114,3,ellipsoid,52.012935663430156,44.490758948834454,0.8553787318741081,0.0,4.2782520713570635,0
case_0240,train,1427.6392313039998,0.27514667634428114,4,ellipsoid,34.54755590674742,44.013534198985234,1.2739984940697073,0.0,9.859089280906158,0
case_0241,test,1381.2688044479999,0.3098899724931233,0,spiculated,18.413146806420244,17.589792186315965,0.9552844155993372,4.42,7.428571489258437,0
case_0241,test,1381.2688044479999,0.3098899724931233,1,ellipsoid,21.29717991098053,33.30469044153379,1.5638075360560932,0.0,5.162601721857329,0
case_0241,test,1381.2688044479999,0.3098899724931233,2,ellipsoid,18.458183672619462,35.919049457776445,1.9459687960012078,0.0,3.410024113224359,0
case_0242,train,1290.427670272,0.2990497858672377,0,ellipsoid,20.638781368759503,30.07812154564201,1.4573593764199004,6.25082394568908,3.694468802029943,0
case_0243,train,1367.4526623680001,0.2656605203334175,0,ellipsoid,51.052937598031086,59.26193760280631,1.160793881625566,0.0,6.883563779298431,0
case_0243,train,1367.4526623680001,0.2656605203334175,1,spiculated,43.94181836230486,34.314532782841944,0.7809083479412494,0.0,4.899679215521442,0
case_0244,train,1434.979056784,0.34883860873751354,0,ellipsoid,47.775080036680855,60.09541772817653,1.2578820942222668,0.0,9.865811530859247,0
case_0244,train,1434.979056784,0.34883860873751354,1,ellipsoid,27.144995321056843,46.58465534799918,1.7161415869489083,0.0,3.4444586919488187,0
case_0244,train,1434.979056784,0.34883860873751354,2,spiculated,13.311906229164023,14.633243370680612,1.0992597993683109,4.42,9.299877813521464,0
case_0245,train,1279.115703944,0.3499628704516303,0,ellipsoid,16.668301411220845,25.196872593506285,1.5116640845325808,8.84,3.1332521184804465,0
case_0245,train,1279.115703944,0.3499628704516303,1,ellipsoid,18.502383130030054,35.223947073318456,1.9037519018914209,0.0,6.544011593134643,0
case_0245,train,1279.115703944,0.3499628704516303,2,ellipsoid,24.518401382694417,30.615344074450782,1.248668034942103,0.0,3.9666357724403163,0
case_0245,train,1279.115703944,0.3499628704516303,3,spiculated,43.31159233750686,42.69759316176836,0.9858236757735922,0.0,11.586969834289272,0
case_0245,train,1279.115703944,0.3499628704516303,4,ellipsoid,48.04987122054374,49.309908751483825,1.0262235360664473,0.0,6.202958391770706,0
case_0246,train,1352.600309632,0.26027834525025534,0,ellipsoid,14.203131346466005,22.919071279454176,1.6136632634293602,0.0,22.83325827215326,0
case_0246,train,1352.600309632,0.26027834525025534,1,ellipsoid,11.779487686148821,25.196872593506285,2.139046558292565,4.42,6.957374023846707,0
case_0246,train,1352.600309632,0.26027834525025534,2,ellipsoid,12.734470390689497,28.407149835670907,2.2307287986189137,14.659481573370867,9.185461823503527,0
case_0246,train,1352.600309632,0.26027834525025534,3,ellipsoid,24.022405252698086,33.35417742433689,1.3884611916864862,0.0,19.16636936574666,0
case_0247,train,1801.6249272320001,0.3495973926380368,0,spiculated,37.84499038173325,32.64752128385097,0.8626642774788245,0.0,2.424862514593554,0
case_0247,train,1801.6249272320001,0.3495973926380368,1,spiculated,19.453150375253905,17.410291986178873,0.8949857298346017,0.0,6.835911271191956,0
case_0247,train,1801.6249272320001,0.3495973926380368,2,ellipsoid,33.32114167112813,29.709027562496736,0.8915969283321047,0.0,7.495045757939442,0
case_0247,train,1801.6249272320001,0.3495973926380368,3,spiculated,13.362134737372127,14.633243370680612,1.0951276617315766,10.826744663101646,5.387154565656463,0
case_0248,train,1568.5638805199999,0.3510597302504817,0,spiculated,31.01348789532832,25.109986135992994,0.809647280587728,0.0,15.812274850033216,0
case_0248,train,1568.5638805199999,0.3510597302504817,1,ellipsoid,15.279571055704949,24.484208216193156,1.6024146310737868,18.22412686523006,17.276723456753125,0
case_0248,train,1568.5638805199999,0.3510597302504817,2,ellipsoid,15.03219334417604,28.062368808970074,1.8668179796824091,0.0,7.051610684061648,0
case_0248,train,1568.5638805199999,0.3510597302504817,3,ellipsoid,11.117053544096018,25.196872593506285,2.2665063628201825,4.42,6.149739757888761,0
case_0249,train,1169.62277796,0.3095607235142119,0,ellipsoid,18.912809540640474,34.220904670081794,1.8094035471856666,0.0,9.843748759609332,0
case_0249,train,1169.62277796,0.3095607235142119,1,ellipsoid,10.545252914767023,26.195793679450404,2.4841313803642566,0.0,7.758262677614086,0
case_0249,train,1169.62277796,0.3095607235142119,2,ellipsoid,45.351263011337856,36.99436016593583,0.815729435290197,0.0,19.48674704179147,3
case_0250,train,1527.288156056,0.2822977327981003,0,spiculated,11.165527763196545,10.490320136880253,0.9395274777299923,9.88342046054907,9.223076878827314,0
case_0250,train,1527.288156056,0.2822977327981003,1,ellipsoid,12.670573151757065,25.788960779439627,2.0353428744352735,0.0,8.83721498274044,0
case_0251,train,1396.639262512,0.3503153208853716,0,ellipsoid,34.78234804976799,46.381115208080004,1.3334670546599106,0.0,3.0964780218277874,0
case_0252,train,1074.2913976080001,0.27682662165420785,0,ellipsoid,32.506897965140155,35.17958437263193,1.082219054256051,0.0,6.601364346534163,0
case_0253,train,992.5171066720001,0.2736210196624326,0,ellipsoid,42.60107894788919,43.46761810733769,1.0203407796433623,0.0,10.759533748643038,0
case_0253,train,992.5171066720001,0.2736210196624326,1,spiculated,18.84671396098732,17.410291986178873,0.9237839563023115,0.0,11.046185836401465,0
case_0253,train,992.5171066720001,0.2736210196624326,2,ellipsoid,11.722324725570543,15.366098832736819,1.3108405706606912,0.0,10.970059301782193,0
case_0253,train,992.5171066720001,0.2736210196624326,3,ellipsoid,22.204002754567917,30.84816932159076,1.3893066787358654,0.0,3.213676481065331,0
case_0253,train,992.5171066720001,0.2736210196624326,4,spiculated,46.72670850582016,39.083392316620994,0.8364251103146472,0.0,9.204104151849272,0
case_0254,train,1247.424928048,0.35026997092620793,0,ellipsoid,21.302668835828815,34.775185506310926,1.6324332774597132,0.0,19.81429861473811,0
case_0254,train,1247.424928048,0.35026997092620793,1,ellipsoid,38.758288487869315,30.84816932159076,0.7959115462811448,0.0,12.714545441660116,0
case_0254,train,1247.424928048,0.35026997092620793,2,ellipsoid,11.14060726261257,24.484208216193156,2.19774448906041,4.42,6.477578983087125,0
case_0255,train,1020.23574172,0.3505713076597545,0,ellipsoid,23.47243452409644,35.13510950299796,1.4968668659797006,0.0,19.52361567939607,0
case_0255,train,1020.23574172,0.3505713076597545,1,ellipsoid,50.884347650440354,44.239393364587606,0.8694106421192325,0.0,8.983438995776245,0
case_0255,train,1020.23574172,0.3505713076597545,2,spiculated,15.407361030132115,14.100646845527967,0.9151889683088095,0.0,21.990846736952474,0
case_0256,train,1379.2827340239999,0.3211669692606273,0,spiculated,46.788129845703295,46.66052625624011,0.9972727358438135,0.0,6.0376458004059135,0
case_0256,train,1379.2827340239999,0.3211669692606273,1,spiculated,18.277078914235318,17.589792186315965,0.9623962488128203,6.25082394568908,4.136218794897443,0
case_0256,train,1379.2827340239999,0.3211669692606273,2,spiculated,11.5452616138863,10.490320136880253,0.9086255892428462,0.0,8.622742025205007,0
case_0256,train,1379.2827340239999,0.3211669692606273,3,spiculated,32.17094637940043,32.22958706336826,1.0018227839267226,12.50164789137816,6.61496533081729,0
case_0256,train,1379.2827340239999,0.3211669692606273,4,ellipsoid,21.034533259154024,37.23381252900107,1.7701278212482932,6.25082394568908,3.5228579465399563,0
case_0257,train,1540.413491032,0.35052413251863895,0,spiculated,31.144321527313796,29.583935438527345,0.9498982153964092,0.0,15.2361068893277,0
case_0257,train,1540.413491032,0.35052413251863895,1,ellipsoid,35.40180303937159,44.154966836190106,1.2472519206743173,0.0,12.814556942123414,0
case_0257,train,1540.413491032,0.35052413251863895,2,ellipsoid,53.11458457605447,57.65337971336326,1.085452897232204,0.0,10.041492826664637,0
case_0257,train,1540.413491032,0.35052413251863895,3,ellipsoid,19.9786700211889,31.35955784860322,1.569651924544728,0.0,8.922354073518427,0
case_0258,train,954.6954177279999,0.3490412445730825,0,ellipsoid,22.992586832926445,33.255055956001286,1.4463381696738233,0.0,3.078193080421358,0
case_0258,train,954.6954177279999,0.3490412445730825,1,ellipsoid,19.527756266411316,33.98456491461609,1.7403210307920107,0.0,4.201134137787507,0
case_0259,train,1522.1071027760001,0.31173767515742895,0,ellipsoid,11.066194011990133,24.111766938435466,2.178867179837129,0.0,16.42905494127446,0
case_0259,train,1522.1071027760001,0.31173767515742895,1,spiculated,14.412404715310455,14.633243370680612,1.015322818067658,0.0,19.53633293427164,0
case_0260,train,1233.95418952,0.1946116165150455,0,ellipsoid,26.188623225692346,37.19411760282141,1.4202395170713717,0.0,10.538529595017323,0
case_0260,train,1233.95418952,0.1946116165150455,1,ellipsoid,12.292207656114616,20.067260507103352,1.6325188337606,0.0,10.283091993251388,0
case_0260,train,1233.95418952,0.1946116165150455,2,ellipsoid,54.34195703774885,44.0702162116475,0.8109795563864944,0.0,11.367557212246844,0
case_0260,train,1233.95418952,0.1946116165150455,3,spiculated,16.92804942594851,14.371879380093942,0.8489979570867574,0.0,9.386160912428602,0
case_0260,train,1233.95418952,0.1946116165150455,4,spiculated,18.11685319681346,16.451695018652085,0.908087891419562,0.0,11.175108158846223,0
case_0261,train,1362.703363528,0.2617071161523351,0,ellipsoid,12.898594136369578,27.198357137654785,2.1086295801001147,0.0,3.46601047993425,0
case_0261,train,1362.703363528,0.2617071161523351,1,spiculated,11.006189763026194,9.964904601795546,0.9053909496700934,0.0,6.965547433268778,0
case_0261,train,1362.703363528,0.2617071161523351,2,ellipsoid,16.702283832007613,23.92115211219397,1.432208454412228,0.0,6.295727733297753,0
case_0262,train,1260.7229648,0.350958904109589,0,spiculated,48.88865944572774,44.903498278995,0.9184849572085988,0.0,18.428268196550242,0
case_0263,train,1266.163070744,0.3362886176089477,0,spiculated,34.12440913193952,33.30469044153379,0.9759785235478702,0.0,11.564232263362923,0
case_0263,train,1266.163070744,0.3362886176089477,1,ellipsoid,18.66097724122963,30.497591587572792,1.6342976679801797,0.0,15.89643133080834,0
case_0263,train,1266.163070744,0.3362886176089477,2,ellipsoid,39.66503599737506,27.346177198933614,0.6894277670829121,0.0,6.416668557710144,0
case_0263,train,1266.163070744,0.3362886176089477,3,ellipsoid,45.501359708865095,58.21029342390534,1.279308877720508,0.0,9.3214244420071,0
case_0264,train,1505.786784944,0.3496960660626219,0,ellipsoid,35.18905165072506,38.720142748260315,1.1003462989734336,0.0,5.325746487495581,0
case_0264,train,1505.786784944,0.3496960660626219,1,spiculated,14.076500761915893,14.633243370680612,1.0395512079444482,18.22412686523006,11.591640230917577,0
case_0265,train,1415.72280876,0.2965538273863983,0,ellipsoid,59.9013391692548,51.78374146315954,0.8644838693312263,0.0,5.158529255382033,0
case_0265,train,1415.72280876,0.2965538273863983,1,ellipsoid,12.43392943362743,28.407149835670907,2.2846478249139865,8.84,4.213329388519501,0
case_0266,train,1561.3967568159999,0.30428049994469636,0,ellipsoid,31.9194985984451,36.99436016593583,1.1589893886283649,0.0,10.224240232983837,0
case_0266,train,1561.3967568159999,0.30428049994469636,1,spiculated,25.4369175984196,24.845650861709494,0.9767555666120944,0.0,3.2298829070829242,0
case_0266,train,1561.3967568159999,0.30428049994469636,2,spiculated,46.382155697420366,45.46888946891261,0.9803099658742565,0.0,6.978752901107599,0
case_0266,train,1561.3967568159999,0.30428049994469636,3,spiculated,16.064780381389365,16.451695018652085,1.0240846515219686,0.0,8.949770326446826,0
case_0267,train,1408.469334168,0.25191588498559253,0,ellipsoid,49.589104400823096,52.76937655894789,1.0641324782238255,0.0,22.27403155882085,0
case_0267,train,1408.469334168,0.25191588498559253,1,spiculated,16.22392909449777,16.451695018652085,1.0140388880417113,4.42,17.490236796212383,0
case_0267,train,1408.469334168,0.25191588498559253,2,ellipsoid,18.04354239604928,26.744966504620407,1.4822458870646347,0.0,9.6925326198864,0
case_0268,val,1057.452974448,0.3067940552016985,0,ellipsoid,17.06064210162168,28.941997843616633,1.6964190252174378,0.0,4.442957266799101,0
case_0268,val,1057.452974448,0.3067940552016985,1,ellipsoid,22.835792266687157,30.259319419605394,1.3250829691487287,0.0,2.930479662038548,0
case_0268,val,1057.452974448,0.3067940552016985,2,spiculated,40.21496241089197,39.75554582285312,0.9885759786781644,0.0,6.032221681947125,0
case_0268,val,1057.452974448,0.3067940552016985,3,ellipsoid,17.842471314182035,36.71102243396133,2.0575077178227934,0.0,5.774875672438554,0
case_0268,val,1057.452974448,0.3067940552016985,4,ellipsoid,59.62247421843791,51.013840742941966,0.8556142865866883,0.0,3.673870166468096,0
case_0269,train,1324.795323696,0.3196454178073263,0,ellipsoid,17.775500427055448,35.919049457776445,2.0207053863364295,4.42,2.2644455245725306,0
case_0269,train,1324.795323696,0.3196454178073263,1,ellipsoid,38.13600737484134,47.79422147418004,1.253257085997689,0.0,2.2743950159866624,0
case_0270,train,1155.202179664,0.3001195993422036,0,ellipsoid,24.115841740977046,37.47022402150366,1.5537597411677808,0.0,9.539345046463756,0
case_0271,train,1395.084946528,0.2718494676900223,0,ellipsoid,28.40145334148376,44.73931583213551,1.5752474105537524,7.655664569454437,5.988109765799065,0
case_0272,train,1322.03209528,0.34683213585891576,0,ellipsoid,17.11163928223293,18.597058801410707,1.0868075521390925,0.0,7.240894123875679,0
case_0272,train,1322.03209528,0.34683213585891576,1,ellipsoid,22.113888194448567,35.919049457776445,1.62427562000578,9.88342046054907,18.973013826606156,0
case_0272,train,1322.03209528,0.34683213585891576,2,ellipsoid,14.44105750465323,24.484208216193156,1.695458120591501,4.42,20.075013052523044,0
case_0272,train,1322.03209528,0.34683213585891576,3,ellipsoid,28.72972913796668,33.15534004719019,1.1540429040583962,0.0,15.78869738328266,0
case_0272,train,1322.03209528,0.34683213585891576,4,spiculated,15.677487562121582,16.451695018652085,1.049383388343491,0.0,13.090389677142515,0
case_0273,test,1697.313054528,0.33755596255596254,0,ellipsoid,13.669808340204451,28.1320027639559,2.057966144354526,0.0,10.21519142481352,0
case_0273,test,1697.313054528,0.33755596255596254,1,ellipsoid,15.761510468625044,27.8513655721599,1.7670492702841516,4.42,7.930219701218228,0
case_0273,test,1697.313054528,0.33755596255596254,2,spiculated,23.806499070396086,19.062176746126777,0.8007131451692963,0.0,11.608492630732279,0
case_0274,train,1404.7562459839999,0.2911851487582985,0,ellipsoid,19.037372019265355,36.58824217760062,1.9219166458781292,0.0,9.015413533065203,0
case_0274,train,1404.7562459839999,0.2911851487582985,1,spiculated,24.414575741326214,20.336651854019223,0.832971748904719,0.0,9.36701208764996,0
case_0275,train,1354.672730944,0.2551631820499745,0,ellipsoid,13.874308484138908,24.484208216193156,1.7647155708108604,4.42,6.692874105456866,0
case_0275,train,1354.672730944,0.2551631820499745,1,ellipsoid,49.271585913745625,48.899543744543635,0.992449153760683,0.0,3.8186287458625463,0
case_0275,train,1354.672730944,0.2551631820499745,2,ellipsoid,25.46376734904119,40.50647121890606,1.5907493444967906,4.42,5.2385936696215305,0
case_0275,train,1354.672730944,0.2551631820499745,3,ellipsoid,25.012674783869,32.85253463934569,1.3134354851378278,0.0,5.168833367743371,0
case_0275,train,1354.672730944,0.2551631820499745,4,spiculated,32.70731264348135,27.78031586154821,0.8493610026712144,0.0,3.240208018890011,0
case_0276,test,991.394545128,0.2496298231861336,0,spiculated,10.183313982668139,10.490320136880253,1.0301479611386466,6.25082394568908,9.187810927263786,0
case_0276,test,991.394545128,0.2496298231861336,1,ellipsoid,11.313060706465166,25.196872593506285,2.2272374600718643,4.42,7.693036077522896,0
case_0276,test,991.394545128,0.2496298231861336,2,ellipsoid,28.836841549408817,41.61499763001041,1.4431191279637057,0.0,4.323728751259817,9
case_0276,test,991.394545128,0.2496298231861336,3,ellipsoid,18.147753711114664,34.72966819577325,1.913717187736735,0.0,3.6657658559998985,0
case_0276,test,991.394545128,0.2496298231861336,4,spiculated,16.809634415683952,15.818300047653,0.9410258222447715,0.0,4.6464026107030225,0
case_0277,train,881.556215592,0.3488098736409051,0,ellipsoid,10.64477947002446,22.70782358044203,2.133235699657933,0.0,7.09862682066005,0
case_0278,val,1542.65861412,0.34995801847187236,0,spiculated,27.138087894360154,22.492570591452406,0.8288192845055535,0.0,3.812993076754432,0
case_0278,val,1542.65861412,0.34995801847187236,1,spiculated,16.224661035129003,16.451695018652085,1.0139931418617325,13.26,5.723805793001524,0
case_0278,val,1542.65861412,0.34995801847187236,2,ellipsoid,52.04681367656932,50.02302918111504,0.961116073156168,0.0,7.5911657116275135,0
case_0278,val,1542.65861412,0.34995801847187236,3,ellipsoid,23.464810625345326,31.134346789525505,1.3268526768290212,0.0,1.8170335378441451,0
case_0279,train,1659.059611144,0.3510643834903451,0,ellipsoid,32.41802976887851,47.061065386092025,1.4516941875126201,0.0,4.467312360870224,0
case_0280,val,1223.8511356239999,0.35052564735765185,0,ellipsoid,36.226898766515085,55.31019405286532,1.5267714305147515,0.0,12.171573287376157,0
case_0281,train,934.834713488,0.27350822094956584,0,ellipsoid,14.55199858416892,30.732197665473638,2.111888445268756,0.0,6.278078599212013,0
case_0281,train,934.834713488,0.27350822094956584,1,spiculated,12.411834911525364,10.490320136880253,0.8451868890988202,18.22412686523006,3.8606129373874287,0
case_0282,train,1153.9069163440001,0.3231310334505725,0,spiculated,31.33408717990818,30.905829585339255,0.9863325332533213,0.0,5.95882492347584,0
case_0282,train,1153.9069163440001,0.3231310334505725,1,ellipsoid,20.48599155750392,23.92115211219397,1.1676833920900338,0.0,5.26439261624005,0
case_0282,train,1153.9069163440001,0.3231310334505725,2,ellipsoid,33.74073060780054,32.070032038804634,0.950484220735586,0.0,4.188481844306941,0
case_0282,train,1153.9069163440001,0.3231310334505725,3,spiculated,36.01967542642134,33.10525637570664,0.9190881367971212,0.0,4.884952273220627,0
case_0282,train,1153.9069163440001,0.3231310334505725,4,ellipsoid,12.670600331551771,27.8513655721599,2.1981093905081717,6.25082394568908,5.721863106890859,2
case_0283,train,1109.436209024,0.2893835616438356,0,ellipsoid,16.072743223252097,26.973567048071573,1.6782180038221157,0.0,10.210625120243892,0
case_0283,train,1109.436209024,0.2893835616438356,1,ellipsoid,27.392383935669955,39.22681889485005,1.4320337721234064,0.0,4.73302341241065,0
case_0283,train,1109.436209024,0.2893835616438356,2,spiculated,19.12646552734552,17.589792186315965,0.9196572237127377,9.88342046054907,7.296553995057051,0
case_0284,train,1256.491771288,0.2459624768057178,0,spiculated,37.44185086173311,36.83298685960695,0.9837384106791461,0.0,10.064395880453924,0
case_0284,train,1256.491771288,0.2459624768057178,1,ellipsoid,32.96642317210405,30.55658127341591,0.9269001102695505,0.0,5.025803979789756,0
case_0284,train,1256.491771288,0.2459624768057178,2,ellipsoid,11.260379784272361,19.360071374130158,1.71930891719752,0.0,7.070431960223871,0
case_0285,train,1366.761855264,0.29833206974981047,0,ellipsoid,15.886685684340897,31.020509038945004,1.9526104849875097,7.655664569454437,7.440223053121839,0
case_0285,train,1366.761855264,0.29833206974981047,1,ellipsoid,11.423312243319078,26.744966504620407,2.3412619680655404,0.0,10.997413092771591,0
case_0286,train,1532.469209336,0.26128359722770045,0,ellipsoid,13.945223332714935,15.366098832736819,1.1018897629762994,0.0,3.860340082979141,0
case_0286,train,1532.469209336,0.26128359722770045,1,ellipsoid,10.451925255255276,27.8513655721599,2.6647115140969944,9.88342046054907,4.103985192048031,0
case_0286,train,1532.469209336,0.26128359722770045,2,ellipsoid,17.87291840148785,17.410291986178873,0.9741157876449283,0.0,3.0241629530422824,0
case_0286,train,1532.469209336,0.26128359722770045,3,ellipsoid,27.390575304178697,35.48780669766615,1.2956210778184036,0.0,7.617561989812264,0
case_0287,test,1460.107165192,0.3500502690874682,0,ellipsoid,12.23967689307059,26.744966504620407,2.1851039646121615,0.0,2.9696601831457152,0
case_0287,test,1460.107165192,0.3500502690874682,1,spiculated,18.198734196671037,17.589792186315965,0.966539320604701,13.26,5.8117765230056175,0
case_0287,test,1460.107165192,0.3500502690874682,2,ellipsoid,25.95450131141269,40.50647121890606,1.5606722985309136,4.42,6.996119931984015,0
case_0287,test,1460.107165192,0.3500502690874682,3,ellipsoid,20.865710927382878,24.484208216193156,1.1734183561443663,0.0,4.923144328294315,0
case_0288,test,1284.210406336,0.28583916083916083,0,ellipsoid,50.303118159616176,49.4451903861678,0.9829448391106473,0.0,6.703179140401409,0
case_0288,test,1284.210406336,0.28583916083916083,1,ellipsoid,21.063609804257478,34.865864366638206,1.6552653932846282,0.0,7.291676602865526,0
case_0288,test,1284.210406336,0.28583916083916083,2,spiculated,39.3861217371815,37.78087217804887,0.9592432692448306,0.0,7.052055512398385,0
case_0289,train,1367.36631148,0.34922639722134513,0,spiculated,27.6949353019961,22.273116884039343,0.8042306884332753,0.0,10.209893080397023,0
case_0289,train,1367.36631148,0.34922639722134513,1,spiculated,22.211802803356868,23.727450071479502,1.0682361211983016,4.42,13.556938729881338,0
case_0289,train,1367.36631148,0.34922639722134513,2,spiculated,22.619193253471963,23.727450071479502,1.048996301750834,4.42,14.496360737422256,0
case_0289,train,1367.36631148,0.34922639722134513,3,ellipsoid,24.39154282919592,38.048559349015854,1.559907858861347,0.0,5.594167884445829,0
case_0290,train,1378.0738215919998,0.34970862836017297,0,ellipsoid,33.781243557449656,40.20266124862819,1.1900882565278579,0.0,4.29622333048918,0
case_0290,train,1378.0738215919998,0.34970862836017297,1,ellipsoid,17.688889840425492,32.750348801508956,1.8514643427007271,0.0,7.334340628398574,0
case_0290,train,1378.0738215919998,0.34970862836017297,2,ellipsoid,36.50790990126145,41.96128054752101,1.149375043956464,0.0,4.601691052885281,0
case_0291,val,1470.98737708,0.32104490754329323,0,ellipsoid,26.63703058907934,45.17449758703905,1.695928434514007,0.0,4.5188455025691106,0
case_0291,val,1470.98737708,0.32104490754329323,1,ellipsoid,26.84087172775529,39.96315034861452,1.4888916706565047,0.0,4.177280378128431,0
case_0291,val,1470.98737708,0.32104490754329323,2,ellipsoid,11.380568149158417,28.407149835670907,2.4961099888296516,4.42,8.368284629793571,1
case_0292,train,1368.4888730239998,0.35058051489146896,0,ellipsoid,12.575224993048316,25.196872593506285,2.003691592590615,4.42,3.1385912596118826,0
case_0292,train,1368.4888730239998,0.35058051489146896,1,ellipsoid,20.371114336956953,30.497591587572792,1.4970998190435043,0.0,3.2605498900462986,0
case_0293,train,1288.614301624,0.3498626281578771,0,ellipsoid,50.89375608538621,40.640046699171634,0.7985271637445747,0.0,7.249100469801719,0
case_0293,train,1288.614301624,0.3498626281578771,1,ellipsoid,18.59562230643624,25.196872593506285,1.354989479689811,0.0,2.837016161787288,0
case_0293,train,1288.614301624,0.3498626281578771,2,ellipsoid,10.44176087142345,23.33026312812006,2.2343226794217528,0.0,7.943088615073186,0
case_0293,train,1288.614301624,0.3498626281578771,3,spiculated,18.847668307867185,16.24602727046464,0.8619648332671158,0.0,2.5688217164378475,0
case_0294,train,1180.330288072,0.27558709488623895,0,spiculated,57.88947654998074,57.437571780617425,0.9921936628849434,0.0,7.959714231251986,0
case_0294,train,1180.330288072,0.27558709488623895,1,ellipsoid,16.28806745537178,19.50564128645204,1.1975417795816599,0.0,7.346808205528988,0
case_0294,train,1180.330288072,0.27558709488623895,2,ellipsoid,15.290228409218939,31.020509038945004,2.0287799638259036,0.0,9.591384540631172,0
case_0295,train,1227.3915220319998,0.2808498663289714,0,ellipsoid,17.428154149878793,28.407149835670907,1.6299574579943952,0.0,2.4933858662842106,0
case_0295,train,1227.3915220319998,0.2808498663289714,1,spiculated,28.499179256794626,28.941997843616633,1.0155379417362145,9.88342046054907,4.754685070729936,0
case_0295,train,1227.3915220319998,0.2808498663289714,2,ellipsoid,59.29274993041612,51.013840742941966,0.860372318754148,0.0,5.23416424070639,0
case_0296,train,1093.20224208,0.30110584518167455,0,ellipsoid,14.88990079153264,24.484208216193156,1.6443499899016427,8.84,8.171742339726034,0
case_0296,train,1093.20224208,0.30110584518167455,1,ellipsoid,12.565925453452843,27.8513655721599,2.2164197675155672,0.0,7.204525849597692,0
case_0297,val,1376.7785582719998,0.28650275965880584,0,ellipsoid,11.55066041508105,22.049251311315242,1.9089169379896904,0.0,14.966209547201565,0
case_0297,val,1376.7785582719998,0.28650275965880584,1,ellipsoid,18.666033831472284,25.454001297526165,1.3636534427902343,0.0,16.8220645425394,0
case_0297,val,1376.7785582719998,0.28650275965880584,2,ellipsoid,27.751481853582355,36.17290275312461,1.3034584222916068,0.0,14.45474176161561,3
case_0297,val,1376.7785582719998,0.28650275965880584,3,ellipsoid,54.818738379579536,40.372008914239494,0.7364636638423336,0.0,3.8742261945373087,0
case_0297,val,1376.7785582719998,0.28650275965880584,4,ellipsoid,14.115289225941806,23.33026312812006,1.6528363503343948,0.0,6.7794626003502305,0
case_0298,val,1363.307819744,0.283633139092982,0,ellipsoid,43.43970005597149,45.066488812493915,1.037449355184919,0.0,9.235507500277967,0
case_0298,val,1363.307819744,0.283633139092982,1,ellipsoid,27.856909930910753,39.85961840718218,1.430870060822967,0.0,7.260344236108478,0
case_0299,train,1397.15736784,0.32435105067985165,0,ellipsoid,13.780961689389205,23.430825850030068,1.7002315497379894,0.0,4.501577090439269,0
case_0299,train,1397.15736784,0.32435105067985165,1,spiculated,24.16154297235903,19.360071374130158,0.8012762842289589,0.0,4.977491865632854,0
case_0299,train,1397.15736784,0.32435105067985165,2,spiculated,32.36888184918482,32.22958706336826,0.9956966451153435,6.25082394568908,3.399157667728126,0
case_0300,train,1497.842503248,0.34947538337368844,0,ellipsoid,39.27568932291568,45.36227972375936,1.154970937640359,0.0,3.9369057979317805,0
case_0300,train,1497.842503248,0.34947538337368844,1,ellipsoid,22.934082532240197,38.86625787899345,1.6946942536007785,0.0,4.413912249628756,0
case_0300,train,1497.842503248,0.34947538337368844,2,ellipsoid,10.016150334507252,28.407149835670907,2.8361345314280775,9.88342046054907,6.741065491982225,0
case_0301,test,922.831940056,0.351361467203144,0,spiculated,19.534499313987254,17.589792186315965,0.9004475570930643,4.42,9.438143585449792,0
case_0301,test,922.831940056,0.351361467203144,1,ellipsoid,35.20690813051405,44.0702162116475,1.2517491183342953,0.0,5.598510802846788,0
case_0301,test,922.831940056,0.351361467203144,2,ellipsoid,40.15201892743244,38.60982835346782,0.9615912072378764,0.0,3.2352672246482395,6
case_0301,test,922.831940056,0.351361467203144,3,spiculated,26.03013022138619,23.530532693046013,0.9039729149611966,0.0,4.955630220325105,0
case_0302,train,1256.7508239519998,0.23945307132059915,0,spiculated,57.07692576066246,42.81786870744357,0.7501782574448629,0.0,9.923390533661893,0
case_0302,train,1256.7508239519998,0.23945307132059915,1,spiculated,16.244045205055613,14.633243370680612,0.9008373952398462,0.0,6.4655362423751805,0
case_0303,train,1695.845089432,0.2805641835123988,0,ellipsoid,33.20391692613501,40.47293935654511,1.218920630556349,0.0,17.7992474326425,0
case_0303,train,1695.845089432,0.2805641835123988,1,ellipsoid,51.59330650863851,53.20016604099952,1.03114472866925,0.0,19.68786242619411,0
case_0303,train,1695.845089432,0.2805641835123988,2,ellipsoid,11.517478489167031,26.355042537340776,2.2882649672087063,0.0,21.089541900574655,0
case_0304,test,1305.107321232,0.3500727802037846,0,ellipsoid,21.051363048343948,34.775185506310926,1.6519208483769223,4.42,5.858704652553338,0
case_0304,test,1305.107321232,0.3500727802037846,1,ellipsoid,40.24510892687405,38.720142748260315,0.962108036994393,0.0,11.259312124247534,0
case_0304,test,1305.107321232,0.3500727802037846,2,ellipsoid,35.24186930112015,48.36495267438424,1.3723719437563144,0.0,9.514210446375184,0
case_0305,train,1626.246273704,0.30393458291297193,0,ellipsoid,10.743035415977754,20.855004684959624,1.9412581153686488,6.25082394568908,2.2233778982552175,0
case_0305,train,1626.246273704,0.30393458291297193,1,ellipsoid,18.284519637554588,31.247358113539402,1.7089515466056013,0.0,3.3776057625941087,0
case_0305,train,1626.246273704,0.30393458291297193,2,spiculated,11.704591640047239,10.490320136880253,0.8962568246283487,15.311329138908874,2.901240856255258,0
case_0305,train,1626.246273704,0.30393458291297193,3,spiculated,15.365155820213541,16.451695018652085,1.070714492658067,0.0,8.303405511423351,0
case_0306,train,1284.383108112,0.35074626865671643,0,ellipsoid,21.20502764157689,34.45402428709168,1.624804497756813,0.0,19.752315415747265,0
case_0306,train,1284.383108112,0.35074626865671643,1,ellipsoid,13.735781125975668,25.196872593506285,1.8343967745566798,0.0,8.21013395944387,0
case_0306,train,1284.383108112,0.35074626865671643,2,spiculated,14.529333737501506,14.633243370680612,1.0071517135648764,9.88342046054907,11.22235491384504,0
case_0306,train,1284.383108112,0.35074626865671643,3,ellipsoid,15.471770226425056,24.299414695075775,1.5705646050491053,0.0,15.250132802784863,0
case_0307,train,1561.742160368,0.3311401083711158,0,spiculated,19.89815070491052,18.10743335753044,0.9100058405458673,4.42,17.05901454948846,0
case_0307,train,1561.742160368,0.3311401083711158,1,ellipsoid,10.36706601738365,22.600709612434834,2.1800487789445566,0.0,9.291911894847166,0
case_0308,train,1175.062883904,0.29534097589653147,0,spiculated,37.25440260211931,36.42324222558925,0.9776896066377191,0.0,23.052237809802623,0
case_0308,train,1175.062883904,0.29534097589653147,1,ellipsoid,13.14403243738194,28.407149835670907,2.161220308227504,4.42,20.270489237663572,0
case_0309,train,1541.9678070159998,0.34031472251778017,0,ellipsoid,17.910044564524984,24.111766938435466,1.3462706277233076,0.0,2.7883869540413944,0
case_0309,train,1541.9678070159998,0.34031472251778017,1,spiculated,16.601235066568318,16.451695018652085,0.9909922335707795,14.659481573370867,3.110060723924241,0
case_0309,train,1541.9678070159998,0.34031472251778017,2,ellipsoid,23.60655921449293,30.017234493419636,1.2715633066504228,0.0,8.764370789333727,0
case_0309,train,1541.9678070159998,0.34031472251778017,3,spiculated,32.863209904642545,25.28316392662358,0.7693455386733801,0.0,3.2631626870783297,0
case_0309,train,1541.9678070159998,0.34031472251778017,4,spiculated,32.322266056906166,32.22958706336826,0.9971326579214854,0.0,4.445106702817955,0
case_0310,val,1228.3413818,0.29370826010544815,0,ellipsoid,45.219874995568674,63.396540074277965,1.4019618603653927,0.0,13.758669045286698,0
case_0310,val,1228.3413818,0.29370826010544815,1,ellipsoid,13.78431696863932,17.03974717999831,1.236169134732277,0.0,21.478103695881778,0
case_0310,val,1228.3413818,0.29370826010544815,2,ellipsoid,17.252274757560418,25.706037503481504,1.4900085852282416,0.0,10.62383239499925,0
case_0310,val,1228.3413818,0.29370826010544815,3,spiculated,15.640412724177981,15.818300047653,1.0113735696501174,0.0,15.533885173751004,0
case_0311,train,1560.274195272,0.24373235928939066,0,ellipsoid,27.896259052812137,45.864290963072825,1.6441018444890512,0.0,7.7607568313901485,0
case_0311,train,1560.274195272,0.24373235928939066,1,ellipsoid,17.614719121209887,22.813936446721197,1.2951632262617763,0.0,4.437066132079373,0
case_0312,train,1885.9033939199999,0.3488095238095238,0,ellipsoid,49.97640580249586,64.61755111256231,1.2929611498659486,0.0,5.78942891501326,0
case_0312,train,1885.9033939199999,0.3488095238095238,1,spiculated,30.634385095249836,24.845650861709494,0.8110380144552684,0.0,8.747861211197495,0
case_0313,train,1486.9622913599999,0.31039488966318235,0,spiculated,32.378499059462825,29.330527397950586,0.9058643312676519,0.0,7.121940958647807,0
case_0313,train,1486.9622913599999,0.31039488966318235,1,spiculated,12.351085423504951,10.490320136880253,0.8493439869597585,16.53812564954082,5.902838002763579,0
case_0314,val,1241.294015,0.2783304347826087,0,spiculated,48.53602786414284,48.22353387687093,0.9935616077165068,0.0,4.387687300368392,0
case_0314,val,1241.294015,0.2783304347826087,1,ellipsoid,42.58389813787113,37.273422997731515,0.8752938229622325,0.0,8.09363403955054,0
case_0314,val,1241.294015,0.2783304347826087,2,ellipsoid,49.408115607266296,42.17870039019992,0.8536796004419329,0.0,19.731984169582375,0
case_0315,test,1161.8511980399999,0.35079895949461165,0,ellipsoid,21.552036772313265,25.022494185730075,1.161026888088606,0.0,9.752715590226877,0
case_0315,test,1161.8511980399999,0.35079895949461165,1,ellipsoid,30.369742097843513,44.95795982209792,1.4803536914226967,0.0,15.788452845200943,0
case_0316,train,1349.578028552,0.32241346215368866,0,ellipsoid,21.760294598055314,33.452713232912146,1.5373281405804942,0.0,8.181123639535002,0
case_0316,train,1349.578028552,0.32241346215368866,1,ellipsoid,15.060649382998225,22.813936446721197,1.5148043000373914,0.0,20.40001498948123,0
case_0317,test,1060.129851976,0.31783008878390484,0,ellipsoid,39.608210932028975,32.123393255412424,0.8110286352125036,0.0,10.751540081478169,0
case_0317,test,1060.129851976,0.31783008878390484,1,spiculated,17.718676270220183,17.410291986178873,0.9825955235403442,0.0,16.713289797481856,0
case_0318,val,1466.0653764639999,0.2629873954529391,0,spiculated,30.052102076922885,30.438372814134258,1.0128533683341903,0.0,3.035215356997503,0
case_0319,train,1183.697972704,0.3499416399182959,0,spiculated,16.589356009537234,16.451695018652085,0.9917018484137656,8.84,3.859181655171528,0
case_0319,train,1183.697972704,0.3499416399182959,1,ellipsoid,22.015504809818694,23.228825920325082,1.0551121185268149,0.0,6.084083392095773,0
case_0320,train,1233.177031528,0.3508157692038373,0,ellipsoid,27.520462420305535,38.829832123933784,1.410944028879537,0.0,14.926938704838381,0
case_0321,test,1660.700278016,0.31166805324459235,0,spiculated,56.51893872249687,56.01983132174417,0.991169200766432,0.0,12.872721093749554,0
case_0322,train,1164.182672016,0.34957721406319536,0,ellipsoid,14.130407738963626,28.407149835670907,2.0103559897525214,8.84,6.32163249403728,0
case_0322,train,1164.182672016,0.34957721406319536,1,ellipsoid,30.96515643857915,48.458774350216025,1.5649452456775503,0.0,6.0199421447999155,0
case_0323,train,1441.714426048,0.3379252515572592,0,ellipsoid,25.638278473837985,34.775185506310926,1.3563775563868883,0.0,10.890258275026943,0
case_0323,train,1441.714426048,0.3379252515572592,1,ellipsoid,28.876247179426578,45.066488812493915,1.5606767919829407,0.0,9.07111000696039,0
case_0323,train,1441.714426048,0.3379252515572592,2,spiculated,39.79823153143734,39.96315034861452,1.0041438730021686,0.0,3.644596285105563,0
case_0323,train,1441.714426048,0.3379252515572592,3,ellipsoid,18.830777915600535,37.857740898977575,2.0104183198727004,6.25082394568908,8.77627523019286,0
case_0323,train,1441.714426048,0.3379252515572592,4,spiculated,14.982064415956714,14.100646845527967,0.9411684834641354,0.0,6.170398911784429,0
case_0324,train,1629.873011,0.3503046357615894,0,spiculated,16.129570230637462,16.451695018652085,1.0199710707358316,0.0,13.534332054603183,0
case_0324,train,1629.873011,0.3503046357615894,1,spiculated,55.40215232311944,53.16129122551845,0.9595528151229267,0.0,4.255816212372329,0
case_0324,train,1629.873011,0.3503046357615894,2,ellipsoid,25.483879755733483,38.720142748260315,1.5193974826203172,0.0,13.247761510203658,0
case_0324,train,1629.873011,0.3503046357615894,3,spiculated,22.01357625471568,23.727450071479502,1.0778553106016422,16.53812564954082,6.4914639502806635,0
case_0324,train,1629.873011,0.3503046357615894,4,spiculated,11.645449911348,9.964904601795546,0.8556908215358142,0.0,19.647546384968255,0
case_0325,train,1618.129290232,0.2686376007257591,0,ellipsoid,14.074418580504263,24.484208216193156,1.7396248431966082,16.53812564954082,5.143097626661944,0
case_0325,train,1618.129290232,0.2686376007257591,1,ellipsoid,23.144134574771215,19.062176746126777,0.8236288414476267,0.0,4.736671097120856,0
case_0325,train,1618.129290232,0.2686376007257591,2,ellipsoid,19.366754373580108,24.75627724453421,1.2782873561047703,0.0,2.0016596769627073,0
case_0325,train,1618.129290232,0.2686376007257591,3,spiculated,16.72745738914456,16.451695018652085,0.9835143881059034,28.30180912945319,6.270380902836374,0
case_0326,val,1380.4052955680002,0.2967596647066183,0,ellipsoid,18.06455834080866,27.27246746893202,1.5097223499410044,0.0,4.6866405302636505,0
case_0326,val,1380.4052955680002,0.2967596647066183,1,ellipsoid,59.04327422536386,74.71463371652204,1.2654215860614666,0.0,4.506131564824474,0
case_0326,val,1380.4052955680002,0.2967596647066183,2,ellipsoid,10.631879293156642,22.919071279454176,2.155693330172245,0.0,3.1541326598399464,0
case_0326,val,1380.4052955680002,0.2967596647066183,3,ellipsoid,47.81003706854331,42.085795462963645,0.880271132244197,0.0,4.260384082296353,0
case_0327,train,1309.683918296,0.31476231291619966,0,spiculated,13.343096157144501,12.894480389719813,0.9663784355488978,0.0,7.578548844793136,0
case_0327,train,1309.683918296,0.31476231291619966,1,ellipsoid,12.937703705767966,28.27024578383238,2.185105365431175,0.0,3.4520264428893865,0
case_0327,train,1309.683918296,0.31476231291619966,2,ellipsoid,23.910590419295264,35.919049457776445,1.5022234427465517,0.0,7.32144707093247,0
case_0327,train,1309.683918296,0.31476231291619966,3,spiculated,29.290945522728535,29.583935438527345,1.0100027469434696,0.0,7.4095754732382755,0
case_0327,train,1309.683918296,0.31476231291619966,4,ellipsoid,12.86406641353069,28.27024578383238,2.1976134820088578,0.0,6.226555269504657,0
case_0328,train,1032.929322256,0.3501922755392075,0,ellipsoid,29.38453704810781,34.17389787372708,1.1629891537095929,0.0,22.250772757310248,0
case_0328,train,1032.929322256,0.3501922755392075,1,ellipsoid,54.50689324322476,47.84230422438794,0.877729427925793,0.0,18.245739760715647,0
case_0329,train,1376.43315472,0.34899623588456713,0,spiculated,27.661123749378355,23.530532693046013,0.8506716106779584,0.0,15.27015022972505,0
case_0330,train,1300.44437328,0.351527224435591,0,ellipsoid,17.53685551956311,26.51238980267902,1.5118097867148028,0.0,18.903398886034786,0
case_0331,train,1307.093391656,0.2525599524344322,0,spiculated,11.304738123327594,10.490320136880253,0.9279578193176568,0.0,5.0379427913313615,0
case_0331,train,1307.093391656,0.2525599524344322,1,spiculated,52.82824792300224,48.435352995987515,0.916845719861514,0.0,7.757753682836593,0
case_0331,train,1307.093391656,0.2525599524344322,2,spiculated,26.95440936303874,25.36887022251081,0.9411770030211791,0.0,3.246145467097379,0
case_0331,train,1307.093391656,0.2525599524344322,3,ellipsoid,24.619304518738,20.468711735224552,0.8314090156220948,0.0,3.7078678094782886,0
case_0331,train,1307.093391656,0.2525599524344322,4,ellipsoid,12.910861973774345,27.198357137654785,2.1066259706673676,0.0,4.870749862239721,0
case_0332,train,1699.38547584,0.33516260162601624,0,ellipsoid,12.049862030676191,27.708900852781376,2.2995201756037416,0.0,3.229689516360173,0
case_0332,train,1699.38547584,0.33516260162601624,1,ellipsoid,53.58103178177639,74.33853036977868,1.387403860988399,0.0,10.088030786627888,0
case_0332,train,1699.38547584,0.33516260162601624,2,ellipsoid,19.732425202156584,20.72783686045039,1.050445479868588,0.0,8.851914180825657,0
case_0333,train,1585.7477072319998,0.3297756480069702,0,spiculated,44.2799020546164,43.46761810733769,0.9816556968378836,0.0,3.753614141005639,0
case_0334,test,1325.8315343519998,0.3495506057053537,0,spiculated,26.072726050463928,24.845650861709494,0.9529364445290676,6.25082394568908,5.192158734863518,0
case_0334,test,1325.8315343519998,0.3495506057053537,1,ellipsoid,14.43783803755326,24.484208216193156,1.6958361876971455,9.88342046054907,4.974989374234468,0
case_0334,test,1325.8315343519998,0.3495506057053537,2,ellipsoid,10.754545558266726,27.708900852781376,2.5764827256212888,0.0,7.419640409768663,0
case_0335,train,1452.594637936,0.34942337415289504,0,ellipsoid,19.188080805031376,33.05502070463765,1.722685089796483,0.0,5.666310005669568,0
case_0335,train,1452.594637936,0.34942337415289504,1,spiculated,52.83819238856367,47.914247647386475,0.9068108782948651,0.0,7.335207228633555,0
case_0336,train,1179.725831856,0.35170546040111256,0,ellipsoid,54.71430918026474,60.72804756264803,1.1099116204240118,0.0,7.942566591067241,0
case_0336,train,1179.725831856,0.35170546040111256,1,ellipsoid,20.288585102227326,34.775185506310926,1.7140271404383556,6.25082394568908,7.160864999608338,0
case_0336,train,1179.725831856,0.35170546040111256,2,spiculated,54.50394482464048,46.20154050824245,0.8476733318457965,0.0,8.554609705563944,0
case_0336,train,1179.725831856,0.35170546040111256,3,ellipsoid,41.31126843691381,43.26299279956452,1.0472443581738764,0.0,4.019236861503325,9
case_0337,train,1472.541693064,0.3492054184014543,0,spiculated,25.365563231139863,24.016837739261685,0.946828482396069,0.0,20.08961994490495,0
case_0337,train,1472.541693064,0.3492054184014543,1,spiculated,47.90655588475227,48.482173086034756,1.0120154160667953,4.42,9.49749782976266,0
case_0337,train,1472.541693064,0.3492054184014543,2,ellipsoid,17.643919658594527,31.020509038945004,1.7581415943386824,7.655664569454437,10.883649608663061,0
case_0337,train,1472.541693064,0.3492054184014543,3,ellipsoid,22.2132062103307,26.66789124583572,1.2005421906826435,0.0,7.686071556402035,0
case_0338,train,1197.341413008,0.2752776575796913,0,spiculated,23.144076248173874,23.727450071479502,1.0252061830876338,6.25082394568908,2.2796545942058115,0
case_0339,train,967.302647376,0.29209069808962684,0,ellipsoid,27.006822987305156,38.64666981508838,1.4309965238508304,0.0,3.673368001501948,0
case_0339,train,967.302647376,0.29209069808962684,1,spiculated,31.85214327466662,31.077532161842417,0.9756810364017079,0.0,6.979238084800772,0
case_0339,train,967.302647376,0.29209069808962684,2,spiculated,10.922572055851049,9.964904601795546,0.9123221665045006,0.0,3.709074119155136,0
case_0339,train,967.302647376,0.29209069808962684,3,spiculated,37.57880116664292,37.15433776754704,0.9887047115416588,0.0,6.880135390906208,0
case_0340,train,1015.9181973199999,0.27624309392265195,0,spiculated,10.997734998421075,10.490320136880253,0.9538618759577613,0.0,9.75138865465109,0
case_0340,train,1015.9181973199999,0.27624309392265195,1,spiculated,20.860958608303346,21.104788963567845,1.0116883581355387,6.25082394568908,4.040456551284345,0
case_0341,train,865.3222486479999,0.28120946013371917,0,ellipsoid,18.62559157063584,31.247358113539402,1.6776572166868726,0.0,24.28183948270548,0
case_0341,train,865.3222486479999,0.28120946013371917,1,ellipsoid,54.18146242826758,52.2912585278653,0.9651134573396801,0.0,29.530655686944243,0
case_0341,train,865.3222486479999,0.28120946013371917,2,ellipsoid,11.883379287162647,28.407149835670907,2.390494248244565,4.42,43.168940714404805,19
case_0341,train,865.3222486479999,0.28120946013371917,3,ellipsoid,10.097974730856752,26.433950321182994,2.6177477192934346,0.0,30.952863246784595,14
case_0341,train,865.3222486479999,0.28120946013371917,4,spiculated,26.952316454289996,27.27246746893202,1.0118784229617142,0.0,6.320898219409352,0
case_0342,train,1596.62791912,0.2791779340183883,0,ellipsoid,18.198519732139086,31.020509038945004,1.7045622114067844,4.42,6.4579225861264495,0
case_0343,train,1428.934494624,0.34910563210055595,0,ellipsoid,46.3663177913834,49.53496850502677,1.0683394943696007,0.0,6.2653736728918865,0
case_0343,train,1428.934494624,0.34910563210055595,1,ellipsoid,17.514176798523383,22.919071279454176,1.3086011145774479,23.802428447534506,9.739002078571907,0
case_0343,train,1428.934494624,0.34910563210055595,2,ellipsoid,16.26170753280674,24.484208216193156,1.5056357499234418,8.84,16.79663146303844,0
case_0343,train,1428.934494624,0.34910563210055595,3,spiculated,30.609713709374965,26.821600065316197,0.8762447215277754,0.0,18.45037763796684,0
case_0343,train,1428.934494624,0.34910563210055595,4,ellipsoid,48.45409297092132,35.531403555628856,0.7333003545634887,0.0,21.85335780899359,0
case_0344,train,1452.8536906,0.24534918276374443,0,ellipsoid,37.80208540988841,43.641490430720495,1.1544730920930777,0.0,5.286509333553155,0
case_0344,train,1452.8536906,0.24534918276374443,1,spiculated,32.466685016172136,32.22958706336826,0.9926971924393951,4.42,5.745526540205879,0
case_0344,train,1452.8536906,0.24534918276374443,2,ellipsoid,46.357186302701486,54.4894466646301,1.175426099177523,0.0,2.3194977686704092,0
case_0344,train,1452.8536906,0.24534918276374443,3,spiculated,25.17118408859728,24.484208216193156,0.9727078444150219,0.0,3.7344240776904893,0
case_0344,train,1452.8536906,0.24534918276374443,4,ellipsoid,35.93918523625696,58.21029342390534,1.6196887336549954,0.0,5.775168122783797,0
case_0345,train,1185.943095792,0.33377020532983837,0,ellipsoid,58.43932081047478,62.410149525362804,1.0679478929566253,0.0,8.53195925521654,0
case_0346,train,1447.499935544,0.2918332040804152,0,ellipsoid,14.905355504899873,23.824694806015227,1.5983982936994208,0.0,6.79690918489548,0
case_0346,train,1447.499935544,0.2918332040804152,1,spiculated,35.63230739025437,34.865864366638206,0.9784902219431968,0.0,4.008600603669793,0
case_0347,train,1331.789745624,0.34831096414445956,0,ellipsoid,19.280734256624353,34.68403125989692,1.7988957680893507,0.0,16.304192155704623,0
case_0347,train,1331.789745624,0.34831096414445956,1,ellipsoid,17.921964419306093,15.366098832736819,0.8573892054033978,0.0,17.65562352632344,0
case_0348,train,1591.964971168,0.3122694727706661,0,ellipsoid,12.828975169892344,25.196872593506285,1.9640596586888341,19.76684092109814,6.094789531753283,0
case_0348,train,1591.964971168,0.3122694727706661,1,ellipsoid,27.131467265617342,31.247358113539402,1.15170174202624,0.0,3.729740997273437,0
case_0348,train,1591.964971168,0.3122694727706661,2,spiculated,10.940344041248089,10.490320136880253,0.958865653340414,13.26,5.175308331638742,0
case_0348,train,1591.964971168,0.3122694727706661,3,ellipsoid,10.456405436336391,24.484208216193156,2.341551154004572,4.42,5.816341235958853,0
case_0349,train,1343.274413728,0.3363975314991,0,spiculated,50.54085030473139,41.867407123114255,0.8283874701489703,0.0,3.6416241216428435,0
case_0349,train,1343.274413728,0.3363975314991,1,ellipsoid,45.851549646424466,42.60693982501305,0.9292366376615052,0.0,6.891920862944039,0
case_0350,val,1289.736863168,0.24116229244777718,0,ellipsoid,18.61230776236176,24.93438608228451,1.3396719203573135,0.0,13.629895298937186,0
case_0350,val,1289.736863168,0.24116229244777718,1,spiculated,22.997488538326262,23.727450071479502,1.0317409238811763,6.25082394568908,8.251945163214831,0
case_0350,val,1289.736863168,0.24116229244777718,2,ellipsoid,18.178386509096505,19.062176746126777,1.048617639227113,0.0,12.819305962761225,0
case_0350,val,1289.736863168,0.24116229244777718,3,ellipsoid,17.25923095565097,23.727450071479502,1.3747686749455499,0.0,20.71293021195641,0
case_0351,train,1515.2853826239998,0.2918851151128334,0,ellipsoid,17.936393505320556,30.732197665473638,1.7133989425665423,0.0,5.158054793721558,0
case_0351,train,1515.2853826239998,0.2918851151128334,1,ellipsoid,59.47969710964607,53.75757830236455,0.9037971091760395,0.0,2.358986745990386,0
case_0351,train,1515.2853826239998,0.2918851151128334,2,spiculated,45.639301495917735,43.43850381992172,0.9517784540108952,0.0,2.6564075839359322,0
case_0351,train,1515.2853826239998,0.2918851151128334,3,ellipsoid,15.709424711296544,23.530532693046013,1.4978608781342173,0.0,3.9999201183769575,0
case_0351,train,1515.2853826239998,0.2918851151128334,4,ellipsoid,28.69224708933247,36.04642303950197,1.2563123037130026,0.0,3.2981144133075175,0
case_0352,train,1734.616638144,0.2764336917562724,0,ellipsoid,18.218665835588805,34.775185506310926,1.9087668559341044,9.88342046054907,4.847736799527297,0
case_0352,train,1734.616638144,0.2764336917562724,1,ellipsoid,29.293013728868203,38.42455761227976,1.311731116775207,0.0,7.59079508290668,0
case_0353,train,1046.831815224,0.32648684319062937,0,ellipsoid,47.194131585587016,46.609973100454944,0.9876222219690027,0.0,6.678951963477521,0
case_0353,train,1046.831815224,0.32648684319062937,1,spiculated,11.939496821150133,9.377334254651968,0.7854044768486859,0.0,8.845780620176498,0
case_0353,train,1046.831815224,0.32648684319062937,2,spiculated,19.81346578093295,19.21227880613988,0.9696576569975148,4.42,8.790125373645374,0
case_0353,train,1046.831815224,0.32648684319062937,3,spiculated,22.46948558851901,23.727450071479502,1.0559854598363951,13.26,9.483405257588666,0
case_0353,train,1046.831815224,0.32648684319062937,4,ellipsoid,21.48575039287637,24.93438608228451,1.1605080402754535,0.0,5.961574500211804,0
case_0354,train,979.132719032,0.2718934650321898,0,ellipsoid,10.157953901653094,15.595477408711051,1.535297123781302,0.0,6.602297033518062,0
case_0354,train,979.132719032,0.2718934650321898,1,spiculated,11.379876165565975,10.490320136880253,0.9218307813069705,0.0,3.4449176048518053,0
case_0354,train,979.132719032,0.2718934650321898,2,ellipsoid,42.889149840056014,51.66044637410344,1.204510851037097,0.0,8.366963361483533,0
case_0355,train,1485.839729816,0.34265124658569185,0,ellipsoid,32.13920078894738,41.19817842090173,1.2818669229344908,0.0,13.080201420154506,0
case_0355,train,1485.839729816,0.34265124658569185,1,ellipsoid,50.61284096176553,64.5384597836882,1.275140034767906,0.0,10.406423764462584,4
case_0355,train,1485.839729816,0.34265124658569185,2,ellipsoid,16.949642025353473,31.020509038945004,1.8301571792810825,0.0,6.739200721207857,0
case_0356,train,1284.210406336,0.3094405594405594,0,spiculated,23.193113568529157,23.727450071479502,1.023038584335455,0.0,3.672351066098125,0
case_0356,train,1284.210406336,0.3094405594405594,1,ellipsoid,42.83977798528944,48.317905025356964,1.1278747766141233,0.0,8.52961776859078,0
case_0356,train,1284.210406336,0.3094405594405594,2,ellipsoid,15.87525993642479,24.484208216193156,1.542287075250697,13.26,9.666370737948013,0
case_0356,train,1284.210406336,0.3094405594405594,3,ellipsoid,41.63896017265186,40.83877869423791,0.980782865972251,0.0,5.24778835006473,0
case_0356,train,1284.210406336,0.3094405594405594,4,spiculated,59.10190139885737,47.96209016309167,0.8115151801870614,0.0,8.343820614900999,0
case_0357,train,1470.9010261919998,0.3324527415756722,0,ellipsoid,26.89504111563142,40.77274983421707,1.5159950735498193,7.655664569454437,6.033800323906926,0
case_0357,train,1470.9010261919998,0.3324527415756722,1,ellipsoid,19.58245473532673,37.857740898977575,1.9332479717510718,12.50164789137816,3.8584693758304005,0
case_0357,train,1470.9010261919998,0.3324527415756722,2,ellipsoid,13.810698628657358,31.020509038945004,2.246121638957286,10.826744663101646,6.851376940730189,0
case_0357,train,1470.9010261919998,0.3324527415756722,3,ellipsoid,32.171470535010116,49.151136096998876,1.527786429392803,0.0,3.3252089435079752,36
case_0357,train,1470.9010261919998,0.3324527415756722,4,spiculated,43.46749479744312,35.876390214006854,0.8253613506181912,0.0,3.913439391039285,0
case_0358,train,876.720565864,0.2629764601595588,0,ellipsoid,14.653984288471822,27.048912598801483,1.8458401528436643,0.0,12.803752047746313,0
case_0359,train,1085.5170130479999,0.3498528358921327,0,ellipsoid,27.967951105430384,26.590367868788128,0.9507442203596109,0.0,10.434665289098447,0
case_0359,train,1085.5170130479999,0.3498528358921327,1,spiculated,11.320479177984673,10.490320136880253,0.9266674998423337,0.0,17.44465479183442,0
case_0359,train,1085.5170130479999,0.3498528358921327,2,ellipsoid,21.008076502518882,34.775185506310926,1.655324584435008,4.42,5.912469986144141,0
case_0359,train,1085.5170130479999,0.3498528358921327,3,spiculated,38.19225365597539,31.80052322934447,0.8326432767176886,0.0,18.932225453073787,0
case_0360,train,1570.809003608,0.3486889120993898,0,ellipsoid,15.665775534103775,22.492570591452406,1.435777663383914,0.0,11.569700602381445,0
case_0361,train,1328.335710104,0.3384905415068582,0,ellipsoid,35.87189038806167,44.5185136403429,1.241041750483238,0.0,10.96104710858608,0
case_0361,train,1328.335710104,0.3384905415068582,1,ellipsoid,28.426048989228008,40.9374234704491,1.440137652825486,0.0,15.275442059043385,24
case_0361,train,1328.335710104,0.3384905415068582,2,ellipsoid,10.496249241562051,21.820745215360247,2.0789088285896007,0.0,3.629351993105522,0
case_0361,train,1328.335710104,0.3384905415068582,3,spiculated,36.95364587024786,29.07266326229341,0.7867332864630932,0.0,6.139559925002419,0
case_0362,train,1319.700621304,0.3469868481319113,0,ellipsoid,10.870691346508577,19.360071374130158,1.7809420539152903,0.0,11.650738987787268,0
case_0362,train,1319.700621304,0.3469868481319113,1,ellipsoid,47.01392373269394,55.54281811760387,1.1814120947105475,6.25082394568908,6.972956535515369,0
case_0363,train,1700.5080373839999,0.2699436347940893,0,spiculated,11.066395843864466,10.490320136880253,0.9479436923175303,4.42,5.729033052563821,0
case_0363,train,1700.5080373839999,0.2699436347940893,1,ellipsoid,28.933252863647724,40.77274983421707,1.4092003421241555,0.0,2.05102116663265,0
case_0363,train,1700.5080373839999,0.2699436347940893,2,ellipsoid,10.77724123510065,18.10743335753044,1.680154778252148,0.0,3.2155562631488053,0
case_0363,train,1700.5080373839999,0.2699436347940893,3,spiculated,25.759998564060673,23.92115211219397,0.9286162051875193,0.0,5.103113126825133,0
case_0364,train,1547.753316512,0.22924570408390985,0,spiculated,34.745413064224444,30.55658127341591,0.8794421645508783,0.0,2.78225384276215,0
case_0364,train,1547.753316512,0.22924570408390985,1,ellipsoid,39.22825512487187,42.937472313933355,1.094554732991673,0.0,5.0896791475197585,0
case_0364,train,1547.753316512,0.22924570408390985,2,ellipsoid,17.145029692907585,25.196872593506285,1.4696313185114822,8.84,6.040625852212631,0
case_0364,train,1547.753316512,0.22924570408390985,3,ellipsoid,23.511055751654574,33.98456491461609,1.4454716654833524,0.0,3.922280247017415,0
case_0365,train,1161.8511980399999,0.2648086213303605,0,spiculated,43.760351947219924,43.02673966509851,0.9832356859696596,0.0,4.906083938883308,0
case_0365,train,1161.8511980399999,0.2648086213303605,1,spiculated,28.300110510645744,28.941997843616633,1.022681442630036,7.655664569454437,3.429978799106249,0
case_0365,train,1161.8511980399999,0.2648086213303605,2,ellipsoid,32.018896558757525,44.26746405318853,1.3825418365668471,0.0,6.47712863883706,0
case_0366,train,1139.7453707119998,0.3506326236836124,0,ellipsoid,15.016518138605896,18.597058801410707,1.2384401383700003,0.0,4.044415581920788,0
case_0367,test,1517.18510216,0.349003984063745,0,ellipsoid,27.418167381901206,43.55472779545417,1.5885353382226686,0.0,20.020505941439268,0
case_0367,test,1517.18510216,0.349003984063745,1,ellipsoid,12.127524676249546,22.049251311315242,1.8181163840050831,0.0,16.627613450436744,0
case_0367,test,1517.18510216,0.349003984063745,2,spiculated,29.655975567817947,26.973567048071573,0.9095491391401985,0.0,8.562008879612822,0
case_0367,test,1517.18510216,0.349003984063745,3,spiculated,11.35421258163117,10.490320136880253,0.9239143675935291,13.977267257944238,16.25636523266023,0
case_0368,train,1330.408131416,0.29811124813396506,0,ellipsoid,16.33391082499361,27.27246746893202,1.6696838718624933,0.0,7.290155408369253,0
case_0368,train,1330.408131416,0.29811124813396506,1,ellipsoid,21.984632412730537,34.40765273134114,1.5650774634474607,0.0,9.329869104183249,0
case_0368,train,1330.408131416,0.29811124813396506,2,ellipsoid,27.679159127105876,31.470960410640753,1.1369912021576412,0.0,8.088284397887529,0
case_0369,train,1370.3022416719998,0.2615161635893881,0,ellipsoid,34.39695977796793,27.8513655721599,0.8097042806091067,0.0,9.95546638475374,0
case_0369,train,1370.3022416719998,0.2615161635893881,1,ellipsoid,35.15354832564941,38.498879959200195,1.0951634128811372,0.0,23.491830476662155,0
case_0369,train,1370.3022416719998,0.2615161635893881,2,spiculated,30.387826841896047,29.833075045345705,0.9817442754483022,0.0,16.515722402688226,0
case_0369,train,1370.3022416719998,0.2615161635893881,3,ellipsoid,10.64070759965772,24.484208216193156,2.300994364038416,9.88342046054907,12.864385124455055,0
case_0369,train,1370.3022416719998,0.2615161635893881,4,spiculated,46.407374799498875,41.836022248441395,0.9014951272118318,0.0,10.618102137650506,0
case_0370,train,968.684261584,0.35059725441255124,0,ellipsoid,20.797939982067582,35.919049457776445,1.727048423485528,6.25082394568908,14.953891323205587,0
case_0370,train,968.684261584,0.35059725441255124,1,ellipsoid,21.730032545596377,32.595863727176656,1.5000375014984622,0.0,5.8041918235319905,0
case_0370,train,968.684261584,0.35059725441255124,2,spiculated,57.22717597354106,42.085795462963645,0.7354162554242059,0.0,5.351726071024366,0
case_0371,train,1178.171515872,0.3505570214013486,0,ellipsoid,37.947487086865515,51.804233646328626,1.3651558409584188,4.42,5.342780415511056,0
case_0371,train,1178.171515872,0.3505570214013486,1,ellipsoid,49.76445986161924,54.784089481546545,1.1008677605239856,0.0,7.503311006255949,0
case_0371,train,1178.171515872,0.3505570214013486,2,ellipsoid,53.717445620512954,36.71102243396133,0.6834096820855268,0.0,5.494428322821337,0
case_0371,train,1178.171515872,0.3505570214013486,3,spiculated,22.68025447536702,20.980640273760503,0.9250619430459891,0.0,9.229052111351331,1
case_0372,train,1126.0155795199998,0.3478527607361963,0,ellipsoid,52.77943408841344,53.73854906951718,1.0181721346139687,0.0,7.220196148050117,0
case_0372,train,1126.0155795199998,0.3478527607361963,1,ellipsoid,14.910765123926197,19.360071374130158,1.2983955694576994,0.0,14.475776235797621,0
case_0372,train,1126.0155795199998,0.3478527607361963,2,ellipsoid,27.391100263761878,30.615344074450782,1.117711365357402,0.0,8.670742091015605,0
case_0373,val,1442.232531376,0.27858939049215664,0,spiculated,13.935962086164388,14.633243370680612,1.0500346714640165,0.0,5.255997653094251,0
case_0373,val,1442.232531376,0.27858939049215664,1,ellipsoid,53.286023246254615,72.62828657110728,1.3629894322468923,0.0,4.356222540554681,0
case_0373,val,1442.232531376,0.27858939049215664,2,ellipsoid,16.206300367797795,29.77118052098393,1.8370127570966037,0.0,4.66896562173743,0
case_0373,val,1442.232531376,0.27858939049215664,3,ellipsoid,55.996821246818804,58.1127885622663,1.0377872755691058,0.0,5.472121092742391,0
case_0373,val,1442.232531376,0.27858939049215664,4,ellipsoid,22.110571978757775,18.10743335753044,0.818949115153002,0.0,4.864998336026299,0
case_0374,train,1367.279960592,0.3495642288745737,0,spiculated,14.383297860181115,14.100646845527967,0.980348664304892,0.0,17.199127260380923,0
case_0375,train,1456.653129672,0.28454561621910013,0,spiculated,20.490061586546695,21.104788963567845,1.0300012459418262,13.26,8.605170535735493,0
case_0375,train,1456.653129672,0.28454561621910013,1,ellipsoid,46.301390595648414,56.246634731646346,1.2147936381187787,0.0,3.220029751544098,0
case_0375,train,1456.653129672,0.28454561621910013,2,ellipsoid,18.427870710683663,35.57489368907025,1.9304939918232389,0.0,4.118661933794715,0
case_0375,train,1456.653129672,0.28454561621910013,3,ellipsoid,44.96531029624303,57.537376623876646,1.279594786398795,0.0,10.064120748854851,0
case_0375,train,1456.653129672,0.28454561621910013,4,ellipsoid,31.318287569907312,40.57336889820222,1.295516838448977,0.0,6.8764891548178415,9
case_0376,train,1555.870299984,0.3504273504273504,0,spiculated,15.348029897217485,15.595477408711051,1.0161224282954016,0.0,10.159122785923719,0
case_0376,train,1555.870299984,0.3504273504273504,1,spiculated,30.805238889535772,30.84816932159076,1.0013936081524617,0.0,10.795909159630153,0
case_0377,train,1552.9343697919999,0.32267571174377224,0,ellipsoid,43.76393700946199,52.55131879647366,1.2007904769882058,0.0,5.74571370152009,0
case_0378,train,1190.260640192,0.2645821242019733,0,ellipsoid,46.563097393577976,55.63177217432594,1.194760986454452,0.0,6.187507527403242,0
case_0378,train,1190.260640192,0.2645821242019733,1,ellipsoid,16.231388638314463,25.196872593506285,1.5523547094441845,8.84,4.526189772329394,0
case_0379,train,1245.6115593999998,0.34481802426343156,0,ellipsoid,10.593035798821274,27.346177198933614,2.581524099255524,0.0,5.208347796460526,0
case_0379,train,1245.6115593999998,0.34481802426343156,1,spiculated,13.606517850473296,14.100646845527967,1.036315609951409,0.0,2.0773867365415066,0
case_0379,train,1245.6115593999998,0.34481802426343156,2,spiculated,39.49513781481336,36.83298685960695,0.9325954762409279,0.0,3.7755999640978626,0
case_0379,train,1245.6115593999998,0.34481802426343156,3,ellipsoid,40.13486779996112,35.6182777487522,0.887464683483689,0.0,7.333765319084825,0
case_0379,train,1245.6115593999998,0.34481802426343156,4,ellipsoid,25.913457904197355,34.775185506310926,1.341973951715575,0.0,7.5317468313158225,0
case_0380,train,1334.725675816,0.35000323478035844,0,spiculated,25.98148993664966,24.845650861709494,0.9562827583133351,0.0,3.7130134723894903,0
case_0380,train,1334.725675816,0.35000323478035844,1,ellipsoid,37.775439788176925,43.02673966509851,1.139013600010162,0.0,7.903411968621557,0
case_0381,train,1613.984447608,0.26702691134770745,0,spiculated,10.12927900749949,10.490320136880253,1.0356433196393797,20.731637658419558,4.352618144393763,0
case_0381,train,1613.984447608,0.26702691134770745,1,ellipsoid,41.705142597624416,48.64533547536202,1.1664109614657672,0.0,8.06122717886516,0
case_0382,train,1764.234992728,0.3489305467182223,0,ellipsoid,14.826385029925348,20.468711735224552,1.380559839361437,0.0,11.235896141536426,0
case_0382,train,1764.234992728,0.3489305467182223,1,ellipsoid,20.66292544448092,35.919049457776445,1.7383332071872934,4.42,8.02022749369952,0
case_0382,train,1764.234992728,0.3489305467182223,2,ellipsoid,41.24806238215533,44.12675279219087,1.0697897123837001,0.0,3.558076427052961,0
case_0382,train,1764.234992728,0.3489305467182223,3,ellipsoid,32.276611750266426,43.842606130650964,1.358339793218508,4.42,11.721978702087476,0
case_0383,train,1861.8114961679998,0.350354807290942,0,ellipsoid,13.587930634478859,27.8513655721599,2.049713552517564,6.25082394568908,19.71889794267244,0
case_0383,train,1861.8114961679998,0.350354807290942,1,ellipsoid,35.86519815309371,45.44228391019373,1.2670300528166443,0.0,6.874052448046876,0
case_0383,train,1861.8114961679998,0.350354807290942,2,ellipsoid,23.397856901814713,32.69901588225649,1.3975218337077866,0.0,12.286132034336191,0
case_0383,train,1861.8114961679998,0.350354807290942,3,ellipsoid,22.985560746608684,30.13876308389039,1.3112041692668774,0.0,21.715265487858534,7
case_0384,train,1099.764909568,0.35089510050251255,0,ellipsoid,15.339117346875733,25.196872593506285,1.642654660219962,6.25082394568908,5.0289568945971945,0
case_0384,train,1099.764909568,0.35089510050251255,1,ellipsoid,17.247522068499013,24.484208216193156,1.4195783092176049,6.25082394568908,7.359029645879419,0
case_0384,train,1099.764909568,0.35089510050251255,2,ellipsoid,33.82009676118983,39.404640087381736,1.1651249955204277,0.0,5.4140982609548205,0
case_0384,train,1099.764909568,0.35089510050251255,3,ellipsoid,35.751796283407025,37.66497920398949,1.053512917376697,0.0,3.262475259355487,0
case_0385,train,1057.798378,0.264734693877551,0,ellipsoid,53.535223064558814,47.96209016309167,0.8958978298316526,0.0,4.596832158954056,0
case_0385,train,1057.798378,0.264734693877551,1,spiculated,32.51646735621998,32.22958706336826,0.9911773843785388,0.0,10.032018875774487,0
case_0386,train,1539.809034816,0.28947958725886047,0,ellipsoid,30.4775715303716,43.842606130650964,1.4385203259046018,4.42,4.950224195986705,0
case_0387,train,1651.4607330000001,0.2590326797385621,0,ellipsoid,29.99695672351493,39.92869933985884,1.3310916739949925,0.0,4.538101726616306,0
case_0388,train,1434.374600568,0.2955270603816748,0,ellipsoid,14.717995677208544,30.438372814134258,2.0681058400682506,0.0,20.722739935399307,0
case_0388,train,1434.374600568,0.2955270603816748,1,spiculated,21.40382477249301,19.92980920359109,0.9311330762342888,0.0,6.016499460824143,0
case_0388,train,1434.374600568,0.2955270603816748,2,spiculated,17.484011615973067,16.451695018652085,0.9409565367493878,8.84,12.823678015063862,0
case_0389,train,1100.023962232,0.35010597378130154,0,ellipsoid,16.416390181663914,28.475109783268046,1.7345536666808135,0.0,6.111848092946947,0
case_0389,train,1100.023962232,0.35010597378130154,1,ellipsoid,17.408592533345228,24.484208216193156,1.4064438678368147,18.752471837067237,17.345555218384515,0
case_0389,train,1100.023962232,0.35010597378130154,2,ellipsoid,32.521324936100164,40.73965505519927,1.2527058825323683,0.0,12.07870156796228,0
case_0389,train,1100.023962232,0.35010597378130154,3,spiculated,21.309898590038078,17.938195107003427,0.8417775913485177,0.0,5.778514174923947,0
case_0390,train,1003.570020336,0.35045603166408534,0,spiculated,10.257055962804559,9.964904601795546,0.971517035485772,0.0,6.055129430980404,0
case_0390,train,1003.570020336,0.35045603166408534,1,ellipsoid,24.713083815613455,31.1909548174221,1.2621231348600856,0.0,6.799615714580739,0
case_0391,train,1641.271328216,0.35071289524911875,0,ellipsoid,15.403089913010676,27.27246746893202,1.7705841894680834,4.42,7.385053674404507,0
case_0391,train,1641.271328216,0.35071289524911875,1,ellipsoid,10.518191967498606,28.407149835670907,2.7007635840313133,0.0,14.018175120462095,0
case_0392,train,1372.892768312,0.3499591169255928,0,ellipsoid,36.95862342982991,51.76323304855399,1.4005725388239172,0.0,11.311827871950245,0
case_0393,train,1155.80663588,0.3507657825924542,0,ellipsoid,12.879904028343102,23.824694806015227,1.8497571684996543,0.0,6.24920884675959,0
case_0393,train,1155.80663588,0.3507657825924542,1,ellipsoid,29.406271365516545,32.49205454092928,1.1049362272780798,0.0,6.871244787089087,0
case_0393,train,1155.80663588,0.3507657825924542,2,ellipsoid,14.804893549275794,24.39216145173375,1.647574254455003,0.0,5.694540010381582,3
case_0393,train,1155.80663588,0.3507657825924542,3,spiculated,17.623351366300803,16.6523452207669,0.9449022989242187,6.25082394568908,1.9715785755997428,0
case_0394,train,1891.688903416,0.3508467613091706,0,ellipsoid,34.341293481279195,36.21486671506087,1.0545574451004018,0.0,5.168724782980805,0
case_0394,train,1891.688903416,0.3508467613091706,1,ellipsoid,23.45005711294916,35.223947073318456,1.5020836368823909,10.826744663101646,10.371452636154922,0
case_0394,train,1891.688903416,0.3508467613091706,2,ellipsoid,15.630610989224074,27.8513655721599,1.7818475292719496,4.42,10.400852357081725,0
case_0394,train,1891.688903416,0.3508467613091706,3,ellipsoid,10.833241541131436,25.196872593506285,2.3258848699938333,0.0,4.200652917427584,0
case_0395,train,1378.332874256,0.3493296579376018,0,spiculated,37.6353796318229,34.3611558466806,0.9130014412721972,0.0,17.846911402356596,0
case_0396,train,1821.053877032,0.32362843188392054,0,ellipsoid,12.962374990235908,22.70782358044203,1.7518258496260926,0.0,4.853451654478612,0
case_0396,train,1821.053877032,0.32362843188392054,1,spiculated,11.057537364827127,10.490320136880253,0.9487031145152507,0.0,7.1132051178264275,0
case_0396,train,1821.053877032,0.32362843188392054,2,ellipsoid,11.571986347594489,20.202854218246475,1.7458415185951301,0.0,4.060727736722602,0
case_0397,test,1554.3159839999998,0.2457777777777778,0,ellipsoid,17.52671901625601,28.941997843616633,1.6513072307927665,0.0,2.6159452652981825,0
case_0397,test,1554.3159839999998,0.2457777777777778,1,spiculated,18.21046326463051,17.589792186315965,0.9659167880962123,4.42,4.587493005973124,0
case_0398,train,1490.157274216,0.31616155762878834,0,spiculated,15.78668592143428,16.451695018652085,1.0421246802861197,0.0,17.698664480388626,0
case_0398,train,1490.157274216,0.31616155762878834,1,ellipsoid,32.504380516495274,37.62618929065272,1.1575728776482368,4.42,9.497514385760587,0
case_0398,train,1490.157274216,0.31616155762878834,2,ellipsoid,17.59635886498281,19.50564128645204,1.108504403446144,0.0,13.072628360827823,0
case_0398,train,1490.157274216,0.31616155762878834,3,ellipsoid,29.153418064495146,43.40935045289601,1.4889969456364578,0.0,5.649888515144317,0
case_0398,train,1490.157274216,0.31616155762878834,4,ellipsoid,54.88412392514141,47.697764660087905,0.8690630595679133,0.0,14.634844572488143,10
case_0399,val,1464.51106048,0.326061320754717,0,ellipsoid,54.909413572211385,58.48479817414034,1.0651142376020273,0.0,23.320513559240542,0
case_0399,val,1464.51106048,0.326061320754717,1,ellipsoid,30.036764562014056,41.74158395379403,1.3896830954483843,0.0,16.40487361101594,1
case_0400,train,1433.597442576,0.34983736899168777,0,spiculated,18.2638110802703,17.589792186315965,0.9630953862262377,0.0,4.730473880017016,0
case_0400,train,1433.597442576,0.34983736899168777,1,spiculated,51.507956656119696,43.38015787485619,0.8422030437835697,0.0,7.801467470025045,0
case_0400,train,1433.597442576,0.34983736899168777,2,spiculated,36.671796807864766,33.69654627790456,0.9188681551234457,0.0,3.9489481745400252,0
case_0400,train,1433.597442576,0.34983736899168777,3,ellipsoid,18.91290541559183,34.865864366638206,1.8434959410252605,4.42,6.335890971722836,0
case_0401,train,990.271983584,0.336501569584932,0,ellipsoid,16.450708324895615,23.92115211219397,1.4541107677408023,0.0,10.222405475055382,0
case_0401,train,990.271983584,0.336501569584932,1,spiculated,19.813653548198765,20.855004684959624,1.0525572496878308,0.0,7.045523374210949,0
case_0402,train,1502.678152976,0.27680726353292723,0,ellipsoid,33.7262271837869,38.60982835346782,1.1448012890107258,0.0,3.399743474855316,0
case_0402,train,1502.678152976,0.27680726353292723,1,ellipsoid,10.777257265766082,20.980640273760503,1.9467513632067994,0.0,2.6834725589945285,0
case_0402,train,1502.678152976,0.27680726353292723,2,ellipsoid,13.271362420910748,27.8513655721599,2.0986063592292883,9.88342046054907,3.176376264998871,0
case_0402,train,1502.678152976,0.27680726353292723,3,ellipsoid,57.21019484739902,44.848904306282066,0.7839320321476069,0.0,7.139343009801152,0
case_0403,train,1204.422185824,0.2869945511901348,0,spiculated,15.952220189855836,13.818557906966928,0.8662466880788341,0.0,7.254067329251852,0
case_0403,train,1204.422185824,0.2869945511901348,1,spiculated,10.743386949886535,10.490320136880253,0.9764444104837019,0.0,17.158778364614076,0
case_0404,train,1529.965033584,0.3504910260751778,0,spiculated,31.67721404580947,24.75627724453421,0.7815168723086992,0.0,16.216759425579845,0
case_0404,train,1529.965033584,0.3504910260751778,1,spiculated,33.61564184210799,31.691429667906934,0.9427584282567311,0.0,10.595158895403868,0
case_0404,train,1529.965033584,0.3504910260751778,2,ellipsoid,21.177354238261298,38.3499466330756,1.8108941372755827,0.0,17.42202704779546,0
case_0404,train,1529.965033584,0.3504910260751778,3,spiculated,13.10353242401434,14.633243370680612,1.1167403488743868,0.0,5.601280259849522,0
case_0404,train,1529.965033584,0.3504910260751778,4,ellipsoid,10.583283542587859,27.12384071730409,2.56289464495172,0.0,13.95641601981191,0
case_0405,train,1630.30476544,0.3495233050847458,0,ellipsoid,30.681541063680832,41.16576441977708,1.3417111068292102,0.0,9.25436626902043,0
case_0406,train,1343.61981728,0.34897172236503854,0,ellipsoid,10.210268257756796,28.407149835670907,2.782213857514453,4.42,10.507966110034621,0
case_0407,train,1475.045868816,0.23158880693127268,0,ellipsoid,14.824578062519315,19.50564128645204,1.315763673285769,0.0,4.804221034755895,0
case_0407,train,1475.045868816,0.23158880693127268,1,spiculated,47.22955539133723,39.85961840718218,0.8439549785491559,0.0,6.107918843037806,0
case_0407,train,1475.045868816,0.23158880693127268,2,ellipsoid,19.801814495987323,37.857740898977575,1.9118319135172759,7.655664569454437,5.5145066871049595,0
case_0407,train,1475.045868816,0.23158880693127268,3,ellipsoid,58.32303264832076,43.26299279956452,0.7417822914050776,0.0,6.7533762935710655,0
case_0408,train,1460.8843231839999,0.29542499113370374,0,ellipsoid,13.788658040229146,22.492570591452406,1.6312371026846217,0.0,2.395019978843246,0
case_0409,train,1082.235679304,0.21495252533312056,0,ellipsoid,15.536023871181772,25.196872593506285,1.6218353423262115,4.42,2.963133917948153,0
case_0409,train,1082.235679304,0.21495252533312056,1,ellipsoid,37.279627564982974,44.351463237654414,1.1896970580069333,0.0,2.8720900854978897,0
case_0409,train,1082.235679304,0.21495252533312056,2,spiculated,22.58862637666165,23.727450071479502,1.0504158011128324,4.42,8.544049194052075,0
case_0410,train,1316.332936672,0.2559695617948045,0,ellipsoid,14.704711533207004,23.1264949638554,1.5727268713588738,0.0,10.308630370820003,0
case_0411,train,1190.087938416,0.35067479320853284,0,ellipsoid,51.40364653972806,46.91166417312792,0.9126135465286797,0.0,20.395477549448756,0
case_0412,train,1069.45574788,0.35074687121517967,0,ellipsoid,11.720032045418412,26.973567048071573,2.301492602028854,0.0,2.6677873161153234,0
case_0413,val,1415.550106984,0.3493564326236808,0,spiculated,20.154541764674047,21.104788963567845,1.0471480428574838,0.0,8.619258327897283,0
case_0413,val,1415.550106984,0.3493564326236808,1,ellipsoid,14.114008885991055,20.855004684959624,1.4776102844642096,0.0,3.944495458870152,0
case_0413,val,1415.550106984,0.3493564326236808,2,ellipsoid,46.948894280010094,49.151136096998876,1.0469072137003756,0.0,4.93647312696918,0
case_0413,val,1415.550106984,0.3493564326236808,3,ellipsoid,26.484627083920326,38.829832123933784,1.466127199031193,6.25082394568908,9.412514489713288,0
case_0414,train,903.4893411439999,0.35009079613877475,0,spiculated,24.911044210186674,24.016837739261685,0.9641040149348967,6.25082394568908,9.540869753424591,0
case_0414,train,903.4893411439999,0.35009079613877475,1,ellipsoid,29.241496422260546,37.15433776754704,1.2706031603520374,0.0,4.311202980209901,0
case_0414,train,903.4893411439999,0.35009079613877475,2,spiculated,11.382205723915659,10.490320136880253,0.921642113253899,4.42,8.398635747340462,0
case_0414,train,903.4893411439999,0.35009079613877475,3,ellipsoid,35.028865900988066,36.46463230918462,1.0409880928561852,0.0,5.214400959519991,0
case_0414,train,903.4893411439999,0.35009079613877475,4,ellipsoid,22.890775056083914,35.876390214006854,1.567285953669429,0.0,4.57386362555901,0
case_0415,train,1415.6364578720002,0.35031108942295963,0,spiculated,20.854432196258973,21.104788963567845,1.0120049668556204,0.0,8.603895275601577,0
case_0415,train,1415.6364578720002,0.35031108942295963,1,spiculated,53.610131250875426,53.005220481633934,0.9887164840837502,0.0,6.053212070084552,0
case_0415,train,1415.6364578720002,0.35031108942295963,2,ellipsoid,12.0975792394173,16.035016019402317,1.3254731134271678,0.0,3.549414729121562,0
case_0416,train,1836.3379842079999,0.35150004702341764,0,ellipsoid,10.28707196963527,18.597058801410707,1.8078087580513027,0.0,7.298617009745677,0
case_0416,train,1836.3379842079999,0.35150004702341764,1,ellipsoid,47.6765510092188,67.223213676171,1.409984830135314,0.0,8.090369760415495,0
case_0417,train,1380.8370500079998,0.3509474079169533,0,ellipsoid,27.170280897817722,40.73965505519927,1.4994197229102413,0.0,7.909821759160565,0
case_0418,train,1140.177125152,0.35080278703423207,0,ellipsoid,29.207948463432032,36.13084120035953,1.2370208488143173,0.0,8.61972315579741,0
case_0418,train,1140.177125152,0.35080278703423207,1,ellipsoid,12.94448502035473,27.27246746893202,2.106879294622155,0.0,9.23231193143377,0
case_0418,train,1140.177125152,0.35080278703423207,2,spiculated,10.503607741079628,10.490320136880253,0.9987349485503532,4.42,6.770238356717832,0
case_0419,train,1445.6002160080002,0.34944149095036137,0,ellipsoid,11.117977152161101,27.198357137654785,2.4463404417383603,0.0,13.716804443073235,0
case_0419,train,1445.6002160080002,0.34944149095036137,1,ellipsoid,16.8870245932872,24.484208216193156,1.4498829015696424,0.0,5.502521044731901,0
case_0420,train,1131.8874399039998,0.32392432102532803,0,ellipsoid,36.65874498531029,43.350925953689526,1.182553466330091,0.0,23.966467430193855,0
case_0420,train,1131.8874399039998,0.32392432102532803,1,ellipsoid,12.957248728959819,24.484208216193156,1.8896147421690113,4.42,9.947851670936815,0
case_0420,train,1131.8874399039998,0.32392432102532803,2,ellipsoid,39.20252099780267,33.793098514153584,0.8620134025576496,0.0,23.479501757630313,0
case_0420,train,1131.8874399039998,0.32392432102532803,3,ellipsoid,18.177091726210364,29.330527397950586,1.6135984699718264,0.0,16.44974871529026,0
case_0420,train,1131.8874399039998,0.32392432102532803,4,spiculated,11.37376355460784,10.490320136880253,0.922326201570308,6.25082394568908,20.901710345633678,0
case_0421,test,1395.43035008,0.3501237623762376,0,ellipsoid,10.139660294980683,25.109986135992994,2.476412957189788,0.0,14.104707040578608,0
case_0421,test,1395.43035008,0.3501237623762376,1,ellipsoid,17.770164339463804,31.470960410640753,1.7709999642912901,12.50164789137816,18.336212991064443,0
case_0421,test,1395.43035008,0.3501237623762376,2,ellipsoid,25.19035143533158,25.109986135992994,0.9968096793113468,0.0,4.422586951852775,0
case_0421,test,1395.43035008,0.3501237623762376,3,ellipsoid,54.64216961895556,53.79559640435935,0.9845069619215389,0.0,17.74788970581229,5
case_0422,train,1124.893017976,0.2960006141091579,0,ellipsoid,11.654994401592653,27.8513655721599,2.389650703594848,9.88342046054907,8.329376486133157,0
case_0422,train,1124.893017976,0.2960006141091579,1,ellipsoid,17.25261035630008,24.484208216193156,1.4191596350086428,4.42,5.662053306564494,0
case_0422,train,1124.893017976,0.2960006141091579,2,ellipsoid,32.76420561683511,41.10078283673436,1.2544416097674498,0.0,2.8973312255133665,0
case_0422,train,1124.893017976,0.2960006141091579,3,ellipsoid,29.067529439505133,37.5873192327245,1.2931033341154985,0.0,9.905252135524682,0
case_0423,train,1307.4387952079999,0.3022917905026088,0,spiculated,31.639280908310383,32.123393255412424,1.015300990831776,4.42,4.829707168455906,0
case_0423,train,1307.4387952079999,0.3022917905026088,1,ellipsoid,16.351493218840425,27.8513655721599,1.703291876736319,16.53812564954082,6.37987851612316,0
case_0424,train,1136.5503878559998,0.31340221850782557,0,ellipsoid,10.820846117358384,19.649070270395004,1.8158534052965345,0.0,3.4938763871032514,0
case_0424,train,1136.5503878559998,0.31340221850782557,1,ellipsoid,15.368925667657898,22.919071279454176,1.491260467716665,0.0,5.469594236566817,0
case_0424,train,1136.5503878559998,0.31340221850782557,2,ellipsoid,15.794403325702522,18.10743335753044,1.1464461799619794,0.0,8.412756469430043,0
case_0424,train,1136.5503878559998,0.31340221850782557,3,ellipsoid,12.548721340763883,28.407149835670907,2.26374855766314,4.42,6.4081806671482076,0
case_0425,train,1475.650325032,0.2950435952952192,0,ellipsoid,32.563511060336076,44.40728640952299,1.3637130936907231,0.0,10.780449285705416,0
case_0426,train,846.2387024,0.3496938775510204,0,spiculated,25.797484247606917,20.067260507103352,0.7778766454316132,0.0,8.69241771880084,0
case_0427,train,1217.806573464,0.34950010636034884,0,ellipsoid,17.676704842199356,25.022494185730075,1.4155632743266842,0.0,18.40670205275629,0
case_0427,train,1217.806573464,0.34950010636034884,1,spiculated,45.08105546265471,44.794177095965644,0.9936363875303071,0.0,12.488833039907451,0
case_0428,train,1287.49174008,0.3492957746478873,0,ellipsoid,16.230711538704462,25.196872593506285,1.5524194693141287,10.826744663101646,6.082398949937678,0
case_0428,train,1287.49174008,0.3492957746478873,1,spiculated,12.63668047275134,14.633243370680612,1.1579974188818407,0.0,10.842812619145999,0
case_0428,train,1287.49174008,0.3492957746478873,2,ellipsoid,12.253289222197681,23.62940163867253,1.9284129518355149,0.0,5.476840583555486,1
case_0429,train,1233.0906806399998,0.3490896358543417,0,ellipsoid,29.02353154999357,38.42455761227976,1.323910480917622,0.0,13.112560167952397,0
case_0430,train,852.542317224,0.2895776359769067,0,spiculated,44.019577411753936,34.91102745386926,0.7930795683773978,0.0,3.549985722706071,0
case_0430,train,852.542317224,0.2895776359769067,1,spiculated,27.44375790069881,27.27246746893202,0.9937584920991295,0.0,3.918993036815997,0
case_0430,train,852.542317224,0.2895776359769067,2,ellipsoid,17.72120109485447,29.07266326229341,1.6405582842087916,0.0,7.440910713043469,0
case_0430,train,852.542317224,0.2895776359769067,3,ellipsoid,58.99302853908024,53.624089619527936,0.9089902815212203,0.0,3.3477258166875825,0
case_0431,val,1010.6507931519999,0.32621326042378673,0,ellipsoid,12.0238431774835,20.855004684959624,1.7344707825210026,16.53812564954082,7.271581323273028,0
case_0431,val,1010.6507931519999,0.32621326042378673,1,ellipsoid,23.413151268043485,25.28316392662358,1.0798701822395205,0.0,8.454039122822946,0
case_0432,test,1405.015298648,0.2600331878802778,0,spiculated,25.379841500348533,23.530532693046013,0.9271347377296614,0.0,24.364218272261045,0
case_0432,test,1405.015298648,0.2600331878802778,1,ellipsoid,27.125317452119546,37.62618929065272,1.3871243850719486,4.42,23.298291698218925,0
case_0432,test,1405.015298648,0.2600331878802778,2,ellipsoid,26.71417017626166,38.75677488245314,1.450794639202104,0.0,21.4901614281715,0
case_0432,test,1405.015298648,0.2600331878802778,3,spiculated,10.78227156371944,10.490320136880253,0.9729230130113254,29.318963146741734,19.204710378928464,0
case_0432,test,1405.015298648,0.2600331878802778,4,ellipsoid,15.168363182827164,22.70782358044203,1.4970516796532571,0.0,20.258619918149982,0
case_0433,test,1457.343936776,0.3501807193221544,0,ellipsoid,15.837471509546795,18.273565879255788,1.1538183900277592,0.0,17.79291316515801,0
case_0434,train,1285.592020544,0.24193981730252553,0,spiculated,14.895051517994158,14.633243370680612,0.9824231459020288,12.50164789137816,29.511734604599948,0
case_0434,train,1285.592020544,0.24193981730252553,1,ellipsoid,39.90986066621939,51.88604070468241,1.3000807278838717,0.0,13.977240685653154,0
case_0434,train,1285.592020544,0.24193981730252553,2,ellipsoid,15.013938832222236,28.407149835670907,1.892051789548041,0.0,25.55662727390418,0
case_0435,train,1703.875722016,0.30336509223596186,0,ellipsoid,41.87537568861285,49.082775596962755,1.1721154685738093,0.0,7.524418902709555,0
case_0435,train,1703.875722016,0.30336509223596186,1,ellipsoid,12.90722526552522,27.8513655721599,2.1578120005815653,4.42,9.267699025905753,0
case_0435,train,1703.875722016,0.30336509223596186,2,spiculated,10.545629037018971,10.490320136880253,0.9947552772864887,4.42,6.9282265142268,0
case_0435,train,1703.875722016,0.30336509223596186,3,ellipsoid,14.272947799050245,26.355042537340776,1.8465031126292286,0.0,6.15285433670752,0
case_0435,train,1703.875722016,0.30336509223596186,4,ellipsoid,13.559301038764904,24.484208216193156,1.8057131518943978,4.42,4.932377471041821,0
case_0436,train,1181.71190228,0.3411033978808915,0,ellipsoid,17.0494485925769,25.196872593506285,1.4778702347286856,4.42,11.196954696811824,0
case_0437,train,1505.614083168,0.3492200045882083,0,ellipsoid,31.06228847416495,44.46296958560889,1.4314131948967481,0.0,3.9494207601107214,0
case_0437,train,1505.614083168,0.3492200045882083,1,spiculated,14.178305584467822,14.633243370680612,1.0320868938465517,10.826744663101646,3.5906023040677892,0
case_0437,train,1505.614083168,0.3492200045882083,2,ellipsoid,21.844825727203396,28.338863154417265,1.2972803495120968,0.0,4.244464177503529,0
case_0437,train,1505.614083168,0.3492200045882083,3,spiculated,19.795335885208264,15.595477408711051,0.7878359578815994,0.0,9.308180867474976,0
case_0437,train,1505.614083168,0.3492200045882083,4,ellipsoid,22.763452962602408,37.23381252900107,1.6356838564945182,0.0,10.054028727827585,0
case_0438,test,1824.248859888,0.2903531193789643,0,ellipsoid,28.115705004839597,42.847832236261866,1.523982138412905,0.0,2.220577082353027,0
case_0438,test,1824.248859888,0.2903531193789643,1,spiculated,32.32219716648564,32.22958706336826,0.9971347831757735,0.0,5.700724110237549,0
case_0439,train,1347.591958128,0.3046264257336922,0,spiculated,15.624540185212831,16.451695018652085,1.0529394672505037,0.0,11.184179017321213,0
case_0439,train,1347.591958128,0.3046264257336922,1,spiculated,10.693432595728193,10.490320136880253,0.9810058690668626,6.25082394568908,10.278030119513007,0
case_0439,train,1347.591958128,0.3046264257336922,2,ellipsoid,39.31242838397037,41.96128054752101,1.0673795100541463,0.0,14.10997615131762,0
case_0439,train,1347.591958128,0.3046264257336922,3,spiculated,12.683162140250742,14.633243370680612,1.1537535520610571,4.42,8.230344009685526,0
case_0440,train,844.857088192,0.29609566639411283,0,ellipsoid,37.35977461075747,33.64806197168993,0.9006494905887686,0.0,3.382694271123517,0
case_0441,val,1620.2017115439999,0.3077866012897724,0,spiculated,31.08341085407192,30.31923902048327,0.9754154446828172,0.0,8.486082013834102,0
case_0441,val,1620.2017115439999,0.3077866012897724,1,spiculated,56.71579675308879,44.26746405318853,0.7805138354294158,0.0,9.740690677577382,0
case_0442,train,1398.7980347120001,0.2807580714858942,0,spiculated,22.405673402769118,21.820745215360247,0.9738937466018505,0.0,7.175258114078239,0
case_0442,train,1398.7980347120001,0.2807580714858942,1,spiculated,56.19256561399281,41.89874501439789,0.7456279056951345,0.0,24.76961854686438,0
case_0442,train,1398.7980347120001,0.2807580714858942,2,spiculated,15.20482595693321,14.633243370680612,0.9624078178946887,28.30180912945319,20.90845073685351,0
case_0442,train,1398.7980347120001,0.2807580714858942,3,spiculated,55.14337158521041,46.609973100454944,0.845250693973813,0.0,6.9396404845871915,0
case_0442,train,1398.7980347120001,0.2807580714858942,4,ellipsoid,11.534453699029404,23.228825920325082,2.0138644210154255,0.0,7.749022087781716,0
case_0443,train,1487.048642248,0.2801231055107137,0,ellipsoid,31.578904419122814,31.303558519006486,0.9912807013042039,0.0,21.268477341540926,0
case_0444,train,1090.0072592239999,0.3492830547413452,0,ellipsoid,39.22695500424989,36.83298685960695,0.9389713490536399,0.0,5.640886044016174,0
case_0444,train,1090.0072592239999,0.3492830547413452,1,ellipsoid,39.80475588697193,52.729863720093,1.3247126516696324,0.0,6.173730733152834,0
case_0445,train,1535.577841304,0.2905021649890345,0,spiculated,54.05453741762956,43.14518964928713,0.7981788710158416,0.0,12.232653346636729,0
case_0445,train,1535.577841304,0.2905021649890345,1,ellipsoid,12.869954644126823,22.813936446721197,1.772650881651109,0.0,18.11129446577307,0
case_0445,train,1535.577841304,0.2905021649890345,2,spiculated,27.365881702260914,24.93438608228451,0.9111486468285246,0.0,15.417993900111789,0
case_0446,train,1478.672606112,0.288600794206961,0,ellipsoid,24.149517756118545,25.538566707117255,1.0575187034799807,0.0,12.367676748877066,0
case_0446,train,1478.672606112,0.288600794206961,1,spiculated,19.087209396042372,17.589792186315965,0.9215486570793902,4.42,17.640419214595042,0
case_0446,train,1478.672606112,0.288600794206961,2,ellipsoid,59.635516886168546,69.03516416236673,1.1576182745953238,0.0,13.018589713477288,2
case_0447,train,1499.828573672,0.34452184927169094,0,spiculated,18.416498487773556,17.589792186315965,0.955110560131372,9.88342046054907,15.828125805071437,0
case_0447,train,1499.828573672,0.34452184927169094,1,ellipsoid,18.73375778898042,23.727450071479502,1.2665611640093093,0.0,15.436921277011757,0
case_0447,train,1499.828573672,0.34452184927169094,2,ellipsoid,28.873574585091866,23.430825850030068,0.811497231871248,0.0,20.08684660653147,0
case_0447,train,1499.828573672,0.34452184927169094,3,ellipsoid,13.240168336239186,15.129659709802697,1.1427090143855536,0.0,12.667404605600815,0
case_0447,train,1499.828573672,0.34452184927169094,4,spiculated,39.33739750017982,35.876390214006854,0.9120173802510158,0.0,7.040890837097638,0
case_0448,train,1555.956650872,0.3123369776347189,0,spiculated,55.87154575920966,45.838142558908345,0.8204201608535693,0.0,7.6418640198502095,0
case_0449,train,1365.380241056,0.35049329623071085,0,ellipsoid,49.910317370942934,38.010548774913204,0.7615769800142044,0.0,3.3904952421171255,0
case_0450,test,1519.948330576,0.3018406999204636,0,spiculated,28.684137883388985,28.201293691055934,0.983166857086799,0.0,6.985892673496384,0
case_0451,train,1425.394108216,0.29442054885806024,0,spiculated,11.216714023746476,10.490320136880253,0.9352400457630994,0.0,15.702922865556525,0
case_0451,train,1425.394108216,0.29442054885806024,1,ellipsoid,29.968397711481565,38.829832123933784,1.2956926325446223,0.0,7.664352070937316,0
case_0451,train,1425.394108216,0.29442054885806024,2,spiculated,29.44983501759809,29.202164585118968,0.9915900910028486,0.0,21.224147608742857,0
case_0451,train,1425.394108216,0.29442054885806024,3,spiculated,13.688349146847791,14.633243370680612,1.0690290855161606,6.25082394568908,15.999833168275897,0
case_0451,train,1425.394108216,0.29442054885806024,4,spiculated,30.124640597509924,25.28316392662358,0.8392851640763961,0.0,22.958469546429168,0
case_0452,test,938.8068543359999,0.28375643855776306,0,ellipsoid,37.00793291023351,48.057489897634824,1.2985726604672339,0.0,8.795725325364224,0
case_0452,test,938.8068543359999,0.28375643855776306,1,spiculated,39.053208953769975,39.19106060803535,1.003529841924861,4.42,5.316015786200936,0
case_0452,test,938.8068543359999,0.28375643855776306,2,spiculated,10.287999543233443,10.490320136880253,1.0196656884359874,0.0,6.723843618145837,0
case_0452,test,938.8068543359999,0.28375643855776306,3,spiculated,13.165990989409405,13.524456299400741,1.0272266106121204,0.0,4.984024908521721,0
case_0453,train,1660.700278016,0.2941451747088186,0,ellipsoid,50.28872754696811,59.86621863738515,1.190450058245597,0.0,3.499635151313445,0
case_0453,train,1660.700278016,0.2941451747088186,1,spiculated,25.76835213678838,24.845650861709494,0.9641924609621589,0.0,2.2092571476058045,0
case_0453,train,1660.700278016,0.2941451747088186,2,ellipsoid,18.83752154965199,31.303558519006486,1.6617663017131252,0.0,2.5967499913521137,0
case_0454,train,1682.374350904,0.3492275316942976,0,spiculated,12.163939779122932,10.490320136880253,0.8624113837594687,4.42,16.801847885006172,0
case_0454,train,1682.374350904,0.3492275316942976,1,spiculated,18.61264703034807,17.589792186315965,0.9450451705034575,12.50164789137816,13.86194388024113,0
case_0455,train,1568.391178744,0.26300721246490116,0,ellipsoid,36.53541869095841,50.65217916893956,1.3863856220559665,0.0,8.235397854682757,0
case_0455,train,1568.391178744,0.26300721246490116,1,ellipsoid,11.61824289233108,25.196872593506285,2.1687335018738616,13.26,2.7744367520771793,0
case_0455,train,1568.391178744,0.26300721246490116,2,ellipsoid,13.68658178414944,28.407149835670907,2.075547443743002,13.26,3.459297316070171,0
case_0455,train,1568.391178744,0.26300721246490116,3,ellipsoid,14.535932844221815,27.8513655721599,1.9160356525196185,9.88342046054907,8.28778279564207,18
case_0456,train,1232.572575312,0.35077763766288356,0,ellipsoid,15.211728882510446,28.407149835670907,1.867450442686484,6.25082394568908,11.728052737797304,0
case_0457,val,1206.7536598,0.3507692307692308,0,spiculated,33.122678463621476,33.30469044153379,1.0054950863382688,0.0,3.8923226354460185,0
case_0457,val,1206.7536598,0.3507692307692308,1,ellipsoid,19.430998703996906,31.020509038945004,1.596444398535427,4.42,6.182007362922738,0
case_0457,val,1206.7536598,0.3507692307692308,2,spiculated,33.94772110182366,34.59239534741099,1.0189902068434484,0.0,6.227101694461838,0
case_0458,train,1212.539169296,0.2862127902008261,0,ellipsoid,12.623185926689269,24.016837739261685,1.902597163564133,0.0,10.063591139120813,0
case_0458,train,1212.539169296,0.2862127902008261,1,ellipsoid,32.31553697091759,37.034484232272675,1.1460271963174218,0.0,14.511940131717099,0
case_0458,train,1212.539169296,0.2862127902008261,2,ellipsoid,16.98437163466688,26.433950321182994,1.5563690485451072,0.0,12.861277063958807,0
case_0458,train,1212.539169296,0.2862127902008261,3,spiculated,14.80067475731393,14.633243370680612,0.9886875842231058,15.936536637550832,17.274860405171918,0
case_0459,test,1747.4829204559999,0.2861590156643771,0,spiculated,21.950350295008295,23.727450071479502,1.0809599734212596,6.25082394568908,19.49489415120513,0
case_0459,test,1747.4829204559999,0.2861590156643771,1,ellipsoid,41.49075806450538,45.38897912940809,1.0939539609963784,0.0,12.61035761088629,0
case_0459,test,1747.4829204559999,0.2861590156643771,2,ellipsoid,34.711451206675505,41.93003609773465,1.207959755069846,0.0,6.561107698246875,0
case_0459,test,1747.4829204559999,0.2861590156643771,3,ellipsoid,16.792731069523533,19.360071374130158,1.1528840242827438,0.0,19.516192754299894,0
case_0459,test,1747.4829204559999,0.2861590156643771,4,spiculated,32.42331332124406,28.407149835670907,0.8761334646529871,0.0,7.911857028272012,0
case_0460,train,1289.046056064,0.259981243301179,0,ellipsoid,48.313265105190595,62.29703618359242,1.2894395783012285,0.0,2.7503776756368974,0
case_0461,train,1410.714457256,0.2564730366652384,0,ellipsoid,12.453197689488086,28.062368808970074,2.2534267509988943,0.0,10.890337500596713,0
case_0461,train,1410.714457256,0.2564730366652384,1,ellipsoid,13.230529995204401,27.27246746893202,2.061328418348874,0.0,23.569698307641012,9
case_0461,train,1410.714457256,0.2564730366652384,2,spiculated,29.92344847898035,30.438372814134258,1.0172080545969029,4.42,27.70287978487988,0
case_0461,train,1410.714457256,0.2564730366652384,3,spiculated,11.082526254919015,10.490320136880253,0.9465639778858265,0.0,26.53795356781041,0
case_0461,train,1410.714457256,0.2564730366652384,4,ellipsoid,44.086223224283174,44.573919439449526,1.0110623269470205,0.0,11.624550865237715,0
case_0462,test,1846.354687216,0.31105602843513236,0,spiculated,26.036680583485754,24.6662536231421,0.9473655270321643,0.0,4.102074098711356,0
case_0462,test,1846.354687216,0.31105602843513236,1,ellipsoid,13.98773040876814,25.196872593506285,1.8013553204965795,22.1,11.056607638450501,0
case_0462,test,1846.354687216,0.31105602843513236,2,spiculated,13.63965192844617,14.633243370680612,1.0728458062894008,4.42,10.989013999612094,0
case_0462,test,1846.354687216,0.31105602843513236,3,ellipsoid,10.557162625842981,25.196872593506285,2.3867087669774656,0.0,9.890772149009146,0
case_0462,test,1846.354687216,0.31105602843513236,4,ellipsoid,18.641314620684472,38.46175469031126,2.063253341995202,12.50164789137816,9.606017942939859,0
case_0463,train,1345.4331859279998,0.3497849945446377,0,ellipsoid,56.35956247306597,56.763161660206755,1.0071611483381133,0.0,7.819152260655345,0
case_0463,train,1345.4331859279998,0.3497849945446377,1,ellipsoid,18.309169917927512,36.50592864380566,1.9938603883980945,0.0,4.284682366954238,0
case_0463,train,1345.4331859279998,0.3497849945446377,2,ellipsoid,11.745155707921551,24.016837739261685,2.0448292331334073,0.0,5.305338971938586,0
case_0463,train,1345.4331859279998,0.3497849945446377,3,spiculated,12.725756872729725,14.633243370680612,1.1498917916653333,7.655664569454437,6.573488348583597,0
case_0464,train,1512.781206872,0.3496204121239797,0,ellipsoid,16.679280556624164,29.95609942705346,1.7960066877798524,0.0,17.76978650540745,0
case_0464,train,1512.781206872,0.3496204121239797,1,ellipsoid,46.195735050044306,46.48310809332808,1.0062207700120467,0.0,8.747270029590803,0
case_0464,train,1512.781206872,0.3496204121239797,2,ellipsoid,24.95322673835635,34.775185506310926,1.3936147765954834,0.0,19.070185599445487,0
case_0464,train,1512.781206872,0.3496204121239797,3,ellipsoid,28.87804413192368,43.40935045289601,1.5031956546152816,0.0,11.26926990373405,0
case_0465,train,1323.500060376,0.2960135708227311,0,ellipsoid,52.92668574820406,50.37208908413648,0.9517332962010707,0.0,4.348000624265802,0
case_0466,train,1352.0822043039998,0.2529697279346021,0,ellipsoid,54.18254046228647,67.2110465784073,1.2404558000596018,0.0,7.054178906491017,0
case_0467,train,1221.5196616479998,0.3391771525519581,0,ellipsoid,45.67578349641382,52.271146503370765,1.1443951805988128,0.0,10.49668309170454,0
case_0468,val,1462.8703936079999,0.35151407827164866,0,ellipsoid,26.683847176784496,39.5457501191325,1.4820108156494813,0.0,6.292457295524602,0
case_0468,val,1462.8703936079999,0.35151407827164866,1,ellipsoid,23.991289506244115,18.43673135095511,0.7684760481989372,0.0,10.42553558321232,0
case_0469,train,1717.260109656,0.3464574847890582,0,spiculated,10.255613802669737,10.490320136880253,1.0228856447528687,15.936536637550832,5.791086514360484,0
case_0470,train,1282.224335912,0.34911441847935887,0,ellipsoid,39.05665170683228,40.57336889820222,1.0388337741482487,0.0,23.838387616550907,0
case_0470,train,1282.224335912,0.34911441847935887,1,spiculated,38.228857394623176,32.439900270631284,0.8485710136655537,0.0,17.48422240414021,0
case_0470,train,1282.224335912,0.34911441847935887,2,ellipsoid,53.37641922437442,71.2365554975044,1.3346072391640336,0.0,17.16463757942346,4
case_0471,train,1310.2020236239998,0.3131219930139063,0,ellipsoid,32.512718308983295,39.5457501191325,1.216316327146536,0.0,5.275054700093209,0
case_0471,train,1310.2020236239998,0.3131219930139063,1,ellipsoid,27.061516459379252,44.0702162116475,1.6285198310227438,0.0,2.0462748028918147,0
case_0471,train,1310.2020236239998,0.3131219930139063,2,spiculated,30.456181715298293,27.992387548872284,0.9191036424244726,0.0,4.819812615281676,0
case_0471,train,1310.2020236239998,0.3131219930139063,3,spiculated,39.75195873476523,31.962773605392602,0.8040553125609741,0.0,5.067940825501783,0
case_0471,train,1310.2020236239998,0.3131219930139063,4,spiculated,15.799159925532127,16.451695018652085,1.0413018854290748,9.88342046054907,5.698667786609703,0
case_0472,train,1166.5141459919998,0.34762010511510844,0,ellipsoid,17.53486203232215,22.919071279454176,1.30705740582431,0.0,3.7169610568915177,0
case_0472,train,1166.5141459919998,0.34762010511510844,1,ellipsoid,36.00481826547541,43.23360217041027,1.2007726813571078,0.0,10.91871939958984,0
case_0472,train,1166.5141459919998,0.34762010511510844,2,ellipsoid,26.80693378004787,29.894713805386637,1.115185871337399,0.0,7.846839676779448,0
case_0473,train,1680.733684032,0.24938347718865597,0,ellipsoid,11.184484174934644,25.454001297526165,2.2758314911447317,0.0,14.362873117814992,0
case_0473,train,1680.733684032,0.24938347718865597,1,spiculated,32.466856249833285,27.637115813933853,0.8512408962933012,0.0,15.986158579853251,0
case_0473,train,1680.733684032,0.24938347718865597,2,ellipsoid,15.455132585523263,25.196872593506285,1.6303239363412552,8.84,26.264095328535703,0
case_0474,train,1531.260296904,0.3499689843794056,0,spiculated,16.995618913539246,16.451695018652085,0.967996229048543,22.1,8.075478012342911,0
case_0474,train,1531.260296904,0.3499689843794056,1,ellipsoid,19.39844941063391,30.905829585339255,1.5932113403041994,0.0,4.916578608945788,0
case_0474,train,1531.260296904,0.3499689843794056,2,ellipsoid,23.65188319738374,31.908873378996777,1.349104978775068,0.0,8.170558972198442,0
case_0475,val,1578.753285304,0.3451293551386534,0,ellipsoid,20.313887811696937,25.953226104909408,1.2776099949693178,0.0,7.4406736379307885,0
case_0475,val,1578.753285304,0.3451293551386534,1,spiculated,53.7758681252722,50.06692830779616,0.9310296616907053,0.0,3.77095632059696,0
case_0475,val,1578.753285304,0.3451293551386534,2,ellipsoid,32.119390764806454,47.406027914622406,1.4759317280253546,0.0,8.413228110486301,0
case_0476,train,934.1439063839999,0.34516546496579775,0,ellipsoid,53.94223208693889,67.86186642665254,1.258047058884759,0.0,17.51662679117477,0
case_0476,train,934.1439063839999,0.34516546496579775,1,ellipsoid,49.475120232206855,42.78786318345593,0.8648359616436523,0.0,18.65078275856566,0
case_0476,train,934.1439063839999,0.34516546496579775,2,ellipsoid,13.048389432086339,23.02325030791508,1.7644515001445538,0.0,14.33489029840944,0
case_0477,train,1573.7449338,0.3497942386831276,0,ellipsoid,36.15893484179868,49.01422414518928,1.3555217917683309,0.0,13.0629116990164,0
case_0477,train,1573.7449338,0.3497942386831276,1,spiculated,16.08116862995967,14.371879380093942,0.8937086421268369,0.0,16.531675023622636,0
case_0478,train,1267.976439392,0.350585671479161,0,ellipsoid,13.991759675676795,22.161749438815846,1.5839143862184626,0.0,3.4838399731831258,0
case_0478,train,1267.976439392,0.350585671479161,1,spiculated,19.02057014876018,17.589792186315965,0.9247773357342037,10.826744663101646,6.667698566973283,0
case_0478,train,1267.976439392,0.350585671479161,2,ellipsoid,36.8435830389439,51.26607644200934,1.3914519765306426,0.0,3.1331641411510014,0
case_0479,train,1163.14646136,0.35011135857461023,0,ellipsoid,16.152201539537554,21.93559335820278,1.3580559470180316,0.0,6.7880085617364045,0
case_0479,train,1163.14646136,0.35011135857461023,1,ellipsoid,34.811937903978134,31.526367145473397,0.9056194237859628,0.0,7.489269037535349,0
case_0479,train,1163.14646136,0.35011135857461023,2,ellipsoid,14.727368950813712,22.273116884039343,1.512362252784379,0.0,2.478355076903276,0
case_0479,train,1163.14646136,0.35011135857461023,3,ellipsoid,11.958759807356579,27.27246746893202,2.280543125563491,14.659481573370867,2.2582650772268957,0
case_0479,train,1163.14646136,0.35011135857461023,4,spiculated,20.647931141681905,21.104788963567845,1.0221260822089668,4.42,5.0337053229702065,0
case_0480,train,1439.210250296,0.2649547009059819,0,ellipsoid,21.733491093847384,30.199161568251117,1.3895218875719562,0.0,6.491674146568056,0
case_0481,test,1442.318882264,0.33598754714721907,0,spiculated,36.52608783968409,35.96160761305386,0.984545833950031,0.0,6.315924657967644,0
case_0481,test,1442.318882264,0.33598754714721907,1,ellipsoid,28.058354432380995,35.268198309639345,1.2569588995189884,0.0,6.594468863374861,0
case_0481,test,1442.318882264,0.33598754714721907,2,ellipsoid,19.858121110075714,33.30469044153379,1.6771320034217885,0.0,7.882588506740924,0
case_0482,train,1631.60002876,0.3432124900767399,0,spiculated,15.037156269446648,14.633243370680612,0.973139010360175,0.0,5.769225404827427,0
case_0482,train,1631.60002876,0.3432124900767399,1,ellipsoid,58.85750189412609,78.95064241524176,1.3413862273200037,0.0,8.530965997293759,0
case_0482,train,1631.60002876,0.3432124900767399,2,ellipsoid,57.4603305694033,66.29817572295542,1.1538077673061307,0.0,3.4529848836677695,0
case_0483,val,1385.586348848,0.3501807304000997,0,ellipsoid,20.22444990359518,33.004631875442634,1.6319174085212373,0.0,4.993425744570903,0
case_0484,train,1581.8619172719998,0.350019105846389,0,ellipsoid,31.181253945288397,43.08604606637303,1.3817932448121923,4.42,11.493532541139908,0
case_0485,train,1259.082297928,0.3441464920101502,0,ellipsoid,56.38526494652636,73.78733468610052,1.3086279678933428,0.0,5.24758852706895,0
case_0485,train,1259.082297928,0.3441464920101502,1,ellipsoid,28.51555484877018,50.198165941727275,1.7603783692075774,0.0,2.065443704344062,0
case_0486,train,1148.8985648399998,0.31236377301766255,0,spiculated,19.394239352637243,17.589792186315965,0.9069596320066088,14.659481573370867,12.654088101527863,0
case_0486,train,1148.8985648399998,0.31236377301766255,1,ellipsoid,19.76280033870251,33.50176420233444,1.695193172433474,0.0,19.907337978874978,0
case_0486,train,1148.8985648399998,0.31236377301766255,2,ellipsoid,10.903390614512608,22.70782358044203,2.082638729847715,13.26,15.536500797441672,4
case_0487,train,1310.0293218479999,0.27598708061432997,0,spiculated,33.74222862687657,24.93438608228451,0.7389667812997871,0.0,3.9288459754252023,0
case_0487,train,1310.0293218479999,0.27598708061432997,1,spiculated,23.212935703974996,23.1264949638554,0.9962761823311821,0.0,3.8186238807886186,0
case_0487,train,1310.0293218479999,0.27598708061432997,2,spiculated,23.746570981174454,23.727450071479502,0.999194792809871,0.0,6.42226639747035,0
case_0488,train,1733.06232216,0.26442451420029894,0,spiculated,25.91908233890261,22.70782358044203,0.8761044578480035,0.0,3.8249381953552195,0
case_0488,train,1733.06232216,0.26442451420029894,1,spiculated,11.3563969367049,10.490320136880253,0.9237366565600214,6.25082394568908,2.489682344634157,0
case_0488,train,1733.06232216,0.26442451420029894,2,ellipsoid,11.525797817127511,28.407149835670907,2.46465800341018,4.42,5.634203688719504,0
case_0488,train,1733.06232216,0.26442451420029894,3,ellipsoid,32.073673168723474,34.91102745386926,1.0884636527353724,0.0,8.06764209475119,0
case_0489,train,1706.3798977679999,0.30954911188705025,0,ellipsoid,11.171916794609206,22.383381636023167,2.0035399517855197,0.0,4.709188626665106,0
case_0490,train,1708.797722632,0.3505988175248876,0,ellipsoid,21.13056032500979,27.564955914238492,1.3045066240677516,0.0,9.392089120031274,0
case_0490,train,1708.797722632,0.3505988175248876,1,ellipsoid,12.437591023876278,19.790435348599832,1.5911791367482977,0.0,7.581504507930389,0
case_0491,train,1112.113086552,0.2576286978802702,0,spiculated,20.987796816540563,19.92980920359109,0.949590344227286,0.0,9.738466180947075,0
case_0492,test,1421.853721808,0.35029758289809304,0,ellipsoid,19.856165693786398,35.919049457776445,1.8089620126919377,0.0,6.522870041815802,0
case_0492,test,1421.853721808,0.35029758289809304,1,ellipsoid,52.59857993544346,64.0865694205333,1.2184087383954005,0.0,2.533576297533304,0
case_0492,test,1421.853721808,0.35029758289809304,2,ellipsoid,10.492359105173062,23.62940163867253,2.2520580359304034,0.0,7.408655127864399,0
case_0492,test,1421.853721808,0.35029758289809304,3,ellipsoid,18.00796889781352,30.497591587572792,1.6935608763337953,0.0,7.164174869486173,0
case_0492,test,1421.853721808,0.35029758289809304,4,ellipsoid,25.286022788836032,35.661556379110785,1.410326830633706,0.0,4.892705419773364,0
case_0493,train,1249.756402024,0.3489946797484972,0,ellipsoid,29.328103212679192,41.48763647351731,1.4146034666020024,0.0,13.050033625221381,0
case_0494,train,1181.193796952,0.35082973901600994,0,spiculated,18.662738173792388,15.129659709802697,0.8106880977974013,0.0,3.7785502376966114,0
case_0494,train,1181.193796952,0.35082973901600994,1,ellipsoid,55.40527467524363,62.85855394117121,1.1345229187945507,0.0,6.98283905353455,0
case_0494,train,1181.193796952,0.35082973901600994,2,ellipsoid,23.35872975287564,29.007477699940832,1.2418259899757516,0.0,7.482211968408897,0
case_0494,train,1181.193796952,0.35082973901600994,3,ellipsoid,27.617461651842827,45.01228973577288,1.6298489087526027,0.0,4.131786988061728,0
case_0494,train,1181.193796952,0.35082973901600994,4,spiculated,18.458506670450042,17.589792186315965,0.9529369033127263,0.0,4.7395227113906895,0
case_0495,train,1441.887127824,0.35153910647981795,0,ellipsoid,31.96515203898134,33.15534004719019,1.0372339229532654,0.0,17.83873577935804,0
case_0495,train,1441.887127824,0.35153910647981795,1,ellipsoid,12.043526283893664,25.196872593506285,2.0921507538205955,20.25498457170481,18.892593290610915,0
case_0495,train,1441.887127824,0.35153910647981795,2,ellipsoid,39.02123045989241,44.32349887763169,1.1358816304675263,0.0,16.16383244855915,0
case_0495,train,1441.887127824,0.35153910647981795,3,ellipsoid,17.448114034065746,24.20595448430478,1.387310653578089,0.0,11.0949399103839,0
case_0496,train,862.818072896,0.27862289831865494,0,ellipsoid,10.24672453313182,24.484208216193156,2.389466813226585,4.42,17.375222824136774,0
case_0496,train,862.818072896,0.27862289831865494,1,ellipsoid,21.70424613297617,32.49205454092928,1.497036770678837,0.0,9.851407409336622,0
case_0496,train,862.818072896,0.27862289831865494,2,ellipsoid,15.598087668670296,27.27246746893202,1.7484494284328473,10.826744663101646,16.296444363417486,0
case_0497,train,925.508817584,0.26665422653480125,0,ellipsoid,37.65724690353398,44.903498278995,1.1924264775389353,0.0,5.840411456933546,0
case_0497,train,925.508817584,0.26665422653480125,1,ellipsoid,46.824577905278055,35.48780669766615,0.7578884484437813,0.0,2.742844036785222,0
case_0497,train,925.508817584,0.26665422653480125,2,spiculated,24.59356396036089,20.202854218246475,0.8214691555404,0.0,6.991566820561723,0
case_0497,train,925.508817584,0.26665422653480125,3,spiculated,44.43219349297826,42.63720044585671,0.9596015207440701,0.0,2.0174227068972597,0
case_0498,val,1472.887096616,0.3504133200445565,0,ellipsoid,20.013737225856172,28.743758760187884,1.4362014668131653,0.0,6.996373050372678,0
case_0498,val,1472.887096616,0.3504133200445565,1,ellipsoid,53.689599747938445,70.85537109709355,1.3197224682200064,0.0,2.1600120726323473,0
case_0498,val,1472.887096616,0.3504133200445565,2,ellipsoid,19.990093601700643,34.220904670081794,1.7118931682826375,0.0,3.6739878036882656,0
case_0498,val,1472.887096616,0.3504133200445565,3,spiculated,59.40427364515067,48.552234127268235,0.8173188753606061,0.0,4.884317461648078,0
case_0498,val,1472.887096616,0.3504133200445565,4,ellipsoid,29.11829941068124,39.997542061240566,1.3736221850431478,0.0,8.393151845343292,0
case_0499,train,1660.872979792,0.34236248310283873,0,spiculated,32.25422140510738,32.22958706336826,0.9992362444149645,0.0,3.0506415278973638,0
case_0499,train,1660.872979792,0.34236248310283873,1,ellipsoid,37.06107979439047,44.95795982209792,1.2130774405796647,0.0,7.711666059156742,0
case_0499,train,1660.872979792,0.34236248310283873,2,ellipsoid,39.11897024619326,57.05173532428299,1.458416082152234,0.0,2.9181504590682548,3
case_0499,train,1660.872979792,0.34236248310283873,3,ellipsoid,46.884810568004255,52.78911080781777,1.125932048530933,0.0,3.034061802746737,0
case_0499,train,1660.872979792,0.34236248310283873,4,ellipsoid,28.994402540987856,30.673882159769477,1.0579242706038667,0.0,11.57997030736041,26
case_0500,train,1127.915299056,0.3494870617057112,0,ellipsoid,19.300049378670774,35.312338779121696,1.8296501778978203,0.0,9.211395695071792,0
case_0500,train,1127.915299056,0.3494870617057112,1,ellipsoid,18.95510500227789,34.314532782841944,1.81030560256555,0.0,19.108507687874805,0
